sample_id	gene	diplotype	phenotype	n_variants	tool	tool_version
HG01173	CYP2C19	*38/*38		0	Aldy	4.x
HG01173	CYP2C9	*1/*1		0	Aldy	4.x
HG01173	CYP3A4	*1/*1		0	Aldy	4.x
HG01173	CYP3A5	*1/*1		0	Aldy	4.x
HG01173	CYP2B6	*1/*1		0	Aldy	4.x
HG01173	TPMT	*1/*1		0	Aldy	4.x
HG01173	UGT1A1	*1/*1		0	Aldy	4.x
HG01173	NUDT15	*1/*1		0	Aldy	4.x
HG01173	CYP1A2	*1/*1		0	Aldy	4.x
HG01173	CYP2C8	*1/*1		0	Aldy	4.x
HG01173	NAT2	*1/*1		0	Aldy	4.x
HG01183	CYP3A5	*1/*1		0	Aldy	4.x
HG01183	NAT2	*1/*1		0	Aldy	4.x
HG01184	CYP2C19	*38/*38		0	Aldy	4.x
HG01187	CYP2C19	*38/*38		0	Aldy	4.x
HG01188	CYP1A2	*1/*1		0	Aldy	4.x
HG01189	CYP2C9	*1/*1		0	Aldy	4.x
HG01189	TPMT	*1/*1		0	Aldy	4.x
HG01190	CYP2B6	*1/*1		0	Aldy	4.x
HG01190	CYP2C8	*1/*1		0	Aldy	4.x
HG01191	CYP2B6	*1/*1		0	Aldy	4.x
HG01191	TPMT	*1/*1		0	Aldy	4.x
HG01192	CYP3A4	*1/*1		0	Aldy	4.x
HG01192	UGT1A1	*1/*1		0	Aldy	4.x
HG01197	TPMT	*1/*1		0	Aldy	4.x
HG01197	UGT1A1	*1/*1		0	Aldy	4.x
HG01198	TPMT	*1/*1		0	Aldy	4.x
HG01199	NUDT15	*1/*1		0	Aldy	4.x
HG01200	CYP3A4	*1/*1		0	Aldy	4.x
HG01200	CYP2C8	*1/*1		0	Aldy	4.x
HG01204	CYP2C9	*1/*1		0	Aldy	4.x
HG01205	CYP3A4	*1/*1		0	Aldy	4.x
HG01205	TPMT	*1/*1		0	Aldy	4.x
HG01205	CYP2C8	*1/*1		0	Aldy	4.x
HG01206	TPMT	*1/*1		0	Aldy	4.x
HG01206	CYP2C8	*1/*1		0	Aldy	4.x
HG01242	CYP2C9	*1/*1		0	Aldy	4.x
HG01242	NUDT15	*1/*1		0	Aldy	4.x
HG01243	CYP2C9	*1/*1		0	Aldy	4.x
HG01243	TPMT	*1/*1		0	Aldy	4.x
HG01255	NAT2	*1/*1		0	Aldy	4.x
HG01256	CYP2C9	*1/*1		0	Aldy	4.x
HG01257	CYP2C9	*1/*1		0	Aldy	4.x
HG01257	CYP3A5	*1/*1		0	Aldy	4.x
HG01257	NUDT15	*1/*1		0	Aldy	4.x
HG01257	CYP1A2	*1/*1		0	Aldy	4.x
HG01257	NAT2	*1/*1		0	Aldy	4.x
HG01258	CYP2C9	*1/*1		0	Aldy	4.x
HG01258	CYP2C8	*1/*1		0	Aldy	4.x
HG01259	CYP2C9	*1/*1		0	Aldy	4.x
HG01259	NUDT15	*1/*1		0	Aldy	4.x
HG01260	CYP2C9	*1/*1		0	Aldy	4.x
HG01261	CYP3A4	*1/*1		0	Aldy	4.x
HG01261	CYP1A2	*1/*1		0	Aldy	4.x
HG01269	CYP2C19	*38/*38		0	Aldy	4.x
HG01269	CYP2C8	*1/*1		0	Aldy	4.x
HG01271	CYP3A4	*1/*1		0	Aldy	4.x
HG01272	CYP3A5	*1/*1		0	Aldy	4.x
HG01272	UGT1A1	*1/*1		0	Aldy	4.x
HG01274	CYP2C9	*1/*1		0	Aldy	4.x
HG01274	TPMT	*1/*1		0	Aldy	4.x
HG01274	NUDT15	*1/*1		0	Aldy	4.x
HG01274	CYP1A2	*1/*1		0	Aldy	4.x
HG01275	CYP2C19	*38/*38		0	Aldy	4.x
HG01275	UGT1A1	*1/*1		0	Aldy	4.x
HG01276	CYP1A2	*1/*1		0	Aldy	4.x
HG01277	CYP2C19	*38/*38		0	Aldy	4.x
HG01277	CYP1A2	*1/*1		0	Aldy	4.x
HG01277	NAT2	*1/*1		0	Aldy	4.x
HG01278	CYP3A4	*1/*1		0	Aldy	4.x
HG01279	CYP2C19	*38/*38		0	Aldy	4.x
HG01279	UGT1A1	*1/*1		0	Aldy	4.x
HG01281	CYP2C19	*38/*38		0	Aldy	4.x
HG01281	TPMT	*1/*1		0	Aldy	4.x
HG01281	NUDT15	*1/*1		0	Aldy	4.x
HG01281	CYP1A2	*1/*1		0	Aldy	4.x
HG01284	CYP2C19	*38/*38		0	Aldy	4.x
HG01284	CYP2B6	*1/*1		0	Aldy	4.x
HG01284	TPMT	*1/*1		0	Aldy	4.x
HG01284	CYP1A2	*1/*1		0	Aldy	4.x
HG01286	CYP2C19	*38/*38		0	Aldy	4.x
HG01286	CYP1A2	*1/*1		0	Aldy	4.x
HG01302	CYP2C19	*38/*38		0	Aldy	4.x
HG01303	CYP2B6	*1/*1		0	Aldy	4.x
HG01303	UGT1A1	*1/*1		0	Aldy	4.x
HG01308	CYP3A4	*1/*1		0	Aldy	4.x
HG01308	CYP1A2	*1/*1		0	Aldy	4.x
HG01311	CYP2C19	*38/*38		0	Aldy	4.x
HG01311	CYP2C8	*1/*1		0	Aldy	4.x
HG01312	CYP3A5	*1/*1		0	Aldy	4.x
HG01312	CYP2C8	*1/*1		0	Aldy	4.x
HG01323	CYP3A4	*1/*1		0	Aldy	4.x
HG01323	CYP2C8	*1/*1		0	Aldy	4.x
HG01325	CYP3A5	*1/*1		0	Aldy	4.x
HG01325	CYP2C8	*1/*1		0	Aldy	4.x
HG01326	CYP2C19	*38/*38		0	Aldy	4.x
HG01334	UGT1A1	*1/*1		0	Aldy	4.x
HG01342	CYP2C9	*1/*1		0	Aldy	4.x
HG01342	CYP2C8	*1/*1		0	Aldy	4.x
HG01343	CYP2C19	*38/*38		0	Aldy	4.x
HG01343	NUDT15	*1/*1		0	Aldy	4.x
HG01343	CYP2C8	*1/*1		0	Aldy	4.x
HG01344	CYP3A5	*1/*1		0	Aldy	4.x
HG01345	CYP2C9	*1/*1		0	Aldy	4.x
HG01346	CYP2C9	*1/*1		0	Aldy	4.x
HG01347	CYP2C9	*1/*1		0	Aldy	4.x
HG01347	CYP1A2	*1/*1		0	Aldy	4.x
HG01347	NAT2	*1/*1		0	Aldy	4.x
HG01348	CYP3A5	*1/*1		0	Aldy	4.x
HG01348	CYP2B6	*1/*1		0	Aldy	4.x
HG01348	NUDT15	*1/*1		0	Aldy	4.x
HG01348	NAT2	*1/*1		0	Aldy	4.x
HG01349	CYP2C19	*38/*38		0	Aldy	4.x
HG01349	TPMT	*1/*1		0	Aldy	4.x
HG01349	NUDT15	*1/*1		0	Aldy	4.x
HG01350	CYP2C9	*1/*1		0	Aldy	4.x
HG01351	CYP2C19	*38/*38		0	Aldy	4.x
HG01351	CYP2B6	*1/*1		0	Aldy	4.x
HG01351	CYP1A2	*1/*1		0	Aldy	4.x
HG01352	CYP3A5	*1/*1		0	Aldy	4.x
HG01352	TPMT	*1/*1		0	Aldy	4.x
HG01352	UGT1A1	*1/*1		0	Aldy	4.x
HG01353	CYP2C8	*1/*1		0	Aldy	4.x
HG01354	CYP2B6	*1/*1		0	Aldy	4.x
HG01354	TPMT	*1/*1		0	Aldy	4.x
HG01355	CYP2C19	*38/*38		0	Aldy	4.x
HG01355	TPMT	*1/*1		0	Aldy	4.x
HG01357	CYP2C19	*38/*38		0	Aldy	4.x
HG01357	CYP2B6	*1/*1		0	Aldy	4.x
HG01357	NUDT15	*1/*1		0	Aldy	4.x
HG01357	NAT2	*1/*1		0	Aldy	4.x
HG01358	CYP3A4	*1/*1		0	Aldy	4.x
HG01358	CYP1A2	*1/*1		0	Aldy	4.x
HG01358	NAT2	*1/*1		0	Aldy	4.x
HG01359	CYP3A4	*1/*1		0	Aldy	4.x
HG01360	CYP2C19	*38/*38		0	Aldy	4.x
HG01361	CYP2C19	*38/*38		0	Aldy	4.x
HG01361	TPMT	*1/*1		0	Aldy	4.x
HG01362	CYP2C9	*1/*1		0	Aldy	4.x
HG01362	CYP2C8	*1/*1		0	Aldy	4.x
HG01363	CYP2C9	*1/*1		0	Aldy	4.x
HG01363	CYP2B6	*1/*1		0	Aldy	4.x
HG01363	NAT2	*1/*1		0	Aldy	4.x
HG01365	CYP2C9	*1/*1		0	Aldy	4.x
HG01366	CYP1A2	*1/*1		0	Aldy	4.x
HG01366	NAT2	*1/*1		0	Aldy	4.x
HG01367	CYP2C19	*38/*38		0	Aldy	4.x
HG01376	NAT2	*1/*1		0	Aldy	4.x
HG01377	CYP3A4	*1/*1		0	Aldy	4.x
