sample_id	tool	wall_time_ms	peak_mem_kb	n_genes	n_variants
HG00096	Aldy	19.5	0	0	0
HG00097	Aldy	7.8	0	0	0
HG00099	Aldy	8.3	0	0	0
HG00100	Aldy	7.9	0	0	0
HG00101	Aldy	7.7	0	0	0
HG00102	Aldy	10.1	0	0	0
HG00103	Aldy	8.9	0	0	0
HG00105	Aldy	9.2	0	0	0
HG00106	Aldy	11.7	0	0	0
HG00107	Aldy	11.7	0	0	0
HG00108	Aldy	10.6	0	0	0
HG00109	Aldy	10.7	0	0	0
HG00110	Aldy	11.7	0	0	0
HG00111	Aldy	11.7	0	0	0
HG00112	Aldy	11.3	0	0	0
HG00113	Aldy	11.8	0	0	0
HG00114	Aldy	14.2	0	0	0
HG00115	Aldy	9.5	0	0	0
HG00116	Aldy	10.5	0	0	0
HG00117	Aldy	8.6	0	0	0
HG00118	Aldy	9.7	0	0	0
HG00119	Aldy	9.4	0	0	0
HG00120	Aldy	12.0	0	0	0
HG00121	Aldy	11.3	0	0	0
HG00122	Aldy	10.2	0	0	0
HG00123	Aldy	10.3	0	0	0
HG00125	Aldy	11.2	0	0	0
HG00126	Aldy	9.5	0	0	0
HG00127	Aldy	10.7	0	0	0
HG00128	Aldy	10.5	0	0	0
HG00129	Aldy	9.7	0	0	0
HG00130	Aldy	9.0	0	0	0
HG00131	Aldy	7.3	0	0	0
HG00132	Aldy	7.7	0	0	0
HG00133	Aldy	25.6	0	0	0
HG00136	Aldy	13.6	0	0	0
HG00137	Aldy	7.6	0	0	0
HG00138	Aldy	9.3	0	0	0
HG00139	Aldy	10.6	0	0	0
HG00140	Aldy	9.1	0	0	0
HG00141	Aldy	12.8	0	0	0
HG00142	Aldy	10.0	0	0	0
HG00143	Aldy	10.1	0	0	0
HG00145	Aldy	9.9	0	0	0
HG00146	Aldy	9.6	0	0	0
HG00148	Aldy	12.5	0	0	0
HG00149	Aldy	9.4	0	0	0
HG00150	Aldy	8.5	0	0	0
HG00151	Aldy	13.0	0	0	0
HG00154	Aldy	11.2	0	0	0
HG00155	Aldy	10.3	0	0	0
HG00157	Aldy	9.7	0	0	0
HG00158	Aldy	7.7	0	0	0
HG00159	Aldy	8.9	0	0	0
HG00160	Aldy	9.4	0	0	0
HG00171	Aldy	11.7	0	0	0
HG00173	Aldy	12.3	0	0	0
HG00174	Aldy	7.9	0	0	0
HG00176	Aldy	8.5	0	0	0
HG00177	Aldy	7.9	0	0	0
HG00178	Aldy	9.5	0	0	0
HG00179	Aldy	10.0	0	0	0
HG00180	Aldy	10.4	0	0	0
HG00181	Aldy	10.5	0	0	0
HG00182	Aldy	8.0	0	0	0
HG00183	Aldy	14.1	0	0	0
HG00185	Aldy	10.9	0	0	0
HG00186	Aldy	11.1	0	0	0
HG00187	Aldy	10.8	0	0	0
HG00188	Aldy	12.7	0	0	0
HG00189	Aldy	12.1	0	0	0
HG00190	Aldy	9.2	0	0	0
HG00231	Aldy	13.5	0	0	0
HG00232	Aldy	10.5	0	0	0
HG00233	Aldy	13.0	0	0	0
HG00234	Aldy	16.8	0	0	0
HG00235	Aldy	9.3	0	0	0
HG00236	Aldy	11.8	0	0	0
HG00237	Aldy	13.7	0	0	0
HG00238	Aldy	15.6	0	0	0
HG00239	Aldy	11.3	0	0	0
HG00240	Aldy	16.2	0	0	0
HG00242	Aldy	11.1	0	0	0
HG00243	Aldy	9.2	0	0	0
HG00244	Aldy	7.8	0	0	0
HG00245	Aldy	11.0	0	0	0
HG00246	Aldy	11.2	0	0	0
HG00250	Aldy	11.3	0	0	0
HG00251	Aldy	8.9	0	0	0
HG00252	Aldy	10.2	0	0	0
HG00253	Aldy	12.1	0	0	0
HG00254	Aldy	9.8	0	0	0
HG00255	Aldy	8.4	0	0	0
HG00256	Aldy	5.6	0	0	0
HG00257	Aldy	4.0	0	0	0
HG00258	Aldy	4.5	0	0	0
HG00259	Aldy	3.6	0	0	0
HG00260	Aldy	5.3	0	0	0
HG00261	Aldy	3.8	0	0	0
HG00262	Aldy	8.8	0	0	0
HG00263	Aldy	1.2	0	0	0
HG00264	Aldy	1.2	0	0	0
HG00265	Aldy	1.3	0	0	0
HG00266	Aldy	1.6	0	0	0
HG00267	Aldy	1.3	0	0	0
HG00268	Aldy	1.4	0	0	0
HG00269	Aldy	1.1	0	0	0
HG00271	Aldy	0.4	0	0	0
HG00272	Aldy	0.6	0	0	0
HG00273	Aldy	0.8	0	0	0
HG00274	Aldy	0.9	0	0	0
HG00275	Aldy	0.7	0	0	0
HG00276	Aldy	1.3	0	0	0
HG00277	Aldy	1.4	0	0	0
HG00278	Aldy	1.3	0	0	0
HG00280	Aldy	1.2	0	0	0
HG00281	Aldy	1.2	0	0	0
HG00282	Aldy	1.2	0	0	0
HG00284	Aldy	1.3	0	0	0
HG00285	Aldy	1.3	0	0	0
HG00288	Aldy	0.9	0	0	0
HG00290	Aldy	0.7	0	0	0
HG00304	Aldy	0.9	0	0	0
HG00306	Aldy	0.8	0	0	0
HG00308	Aldy	0.9	0	0	0
HG00309	Aldy	0.7	0	0	0
HG00310	Aldy	0.8	0	0	0
HG00311	Aldy	0.8	0	0	0
HG00313	Aldy	0.7	0	0	0
HG00315	Aldy	0.7	0	0	0
HG00318	Aldy	0.7	0	0	0
HG00319	Aldy	0.8	0	0	0
HG00320	Aldy	0.9	0	0	0
HG00321	Aldy	0.8	0	0	0
HG00323	Aldy	0.7	0	0	0
HG00324	Aldy	0.7	0	0	0
HG00325	Aldy	0.6	0	0	0
HG00326	Aldy	0.8	0	0	0
HG00327	Aldy	1.1	0	0	0
HG00328	Aldy	1.3	0	0	0
HG00329	Aldy	1.3	0	0	0
HG00330	Aldy	1.2	0	0	0
HG00331	Aldy	0.8	0	0	0
HG00332	Aldy	0.6	0	0	0
HG00334	Aldy	0.5	0	0	0
HG00335	Aldy	0.9	0	0	0
HG00336	Aldy	0.8	0	0	0
HG00337	Aldy	0.8	0	0	0
HG00338	Aldy	0.7	0	0	0
HG00339	Aldy	0.6	0	0	0
HG00341	Aldy	0.7	0	0	0
HG00342	Aldy	0.7	0	0	0
HG00343	Aldy	0.7	0	0	0
HG00344	Aldy	1.0	0	0	0
HG00345	Aldy	1.0	0	0	0
HG00346	Aldy	0.7	0	0	0
HG00349	Aldy	1.3	0	0	0
HG00350	Aldy	0.8	0	0	0
HG00351	Aldy	0.7	0	0	0
HG00353	Aldy	0.8	0	0	0
HG00355	Aldy	0.7	0	0	0
HG00356	Aldy	0.8	0	0	0
HG00357	Aldy	0.7	0	0	0
HG00358	Aldy	0.7	0	0	0
HG00360	Aldy	0.8	0	0	0
HG00361	Aldy	0.7	0	0	0
HG00362	Aldy	0.7	0	0	0
HG00364	Aldy	1.3	0	0	0
HG00365	Aldy	0.7	0	0	0
HG00366	Aldy	0.8	0	0	0
HG00367	Aldy	0.7	0	0	0
HG00368	Aldy	0.8	0	0	0
HG00369	Aldy	1.2	0	0	0
HG00371	Aldy	1.4	0	0	0
HG00372	Aldy	1.5	0	0	0
HG00373	Aldy	0.9	0	0	0
HG00375	Aldy	0.7	0	0	0
HG00376	Aldy	0.9	0	0	0
HG00378	Aldy	1.2	0	0	0
HG00379	Aldy	0.7	0	0	0
HG00380	Aldy	0.7	0	0	0
HG00381	Aldy	0.7	0	0	0
HG00382	Aldy	0.7	0	0	0
HG00383	Aldy	1.0	0	0	0
HG00384	Aldy	0.9	0	0	0
HG00403	Aldy	0.9	0	0	0
HG00404	Aldy	0.8	0	0	0
HG00405	Aldy	1.5	0	0	0
HG00406	Aldy	0.7	0	0	0
HG00407	Aldy	0.9	0	0	0
HG00408	Aldy	0.7	0	0	0
HG00409	Aldy	0.9	0	0	0
HG00410	Aldy	0.8	0	0	0
HG00418	Aldy	0.8	0	0	0
HG00419	Aldy	0.9	0	0	0
HG00420	Aldy	0.8	0	0	0
HG00421	Aldy	0.7	0	0	0
HG00422	Aldy	1.0	0	0	0
HG00423	Aldy	1.4	0	0	0
HG00427	Aldy	0.8	0	0	0
HG00428	Aldy	0.9	0	0	0
HG00429	Aldy	0.4	0	0	0
HG00436	Aldy	0.7	0	0	0
HG00437	Aldy	0.6	0	0	0
HG00438	Aldy	0.6	0	0	0
HG00442	Aldy	0.9	0	0	0
HG00443	Aldy	1.4	0	0	0
HG00444	Aldy	1.4	0	0	0
HG00445	Aldy	1.4	0	0	0
HG00446	Aldy	1.6	0	0	0
HG00447	Aldy	1.4	0	0	0
HG00448	Aldy	1.6	0	0	0
HG00449	Aldy	1.2	0	0	0
HG00450	Aldy	0.8	0	0	0
HG00451	Aldy	0.9	0	0	0
HG00452	Aldy	0.7	0	0	0
HG00453	Aldy	0.7	0	0	0
HG00457	Aldy	0.7	0	0	0
HG00458	Aldy	0.9	0	0	0
HG00459	Aldy	0.8	0	0	0
HG00463	Aldy	1.3	0	0	0
HG00464	Aldy	1.2	0	0	0
HG00465	Aldy	1.2	0	0	0
HG00472	Aldy	1.2	0	0	0
HG00473	Aldy	0.7	0	0	0
HG00474	Aldy	0.7	0	0	0
HG00475	Aldy	1.3	0	0	0
HG00476	Aldy	1.3	0	0	0
HG00477	Aldy	1.1	0	0	0
HG00478	Aldy	1.1	0	0	0
HG00479	Aldy	0.5	0	0	0
HG00480	Aldy	0.8	0	0	0
HG00500	Aldy	0.8	0	0	0
HG00501	Aldy	0.7	0	0	0
HG00502	Aldy	0.6	0	0	0
HG00512	Aldy	0.9	0	0	0
HG00513	Aldy	0.8	0	0	0
HG00514	Aldy	0.9	0	0	0
HG00524	Aldy	0.8	0	0	0
HG00525	Aldy	0.6	0	0	0
HG00526	Aldy	0.8	0	0	0
HG00530	Aldy	1.2	0	0	0
HG00531	Aldy	0.9	0	0	0
HG00532	Aldy	0.9	0	0	0
HG00533	Aldy	0.9	0	0	0
HG00534	Aldy	0.8	0	0	0
HG00535	Aldy	0.8	0	0	0
HG00536	Aldy	0.8	0	0	0
HG00537	Aldy	0.5	0	0	0
HG00538	Aldy	0.6	0	0	0
HG00542	Aldy	0.7	0	0	0
HG00543	Aldy	0.7	0	0	0
HG00544	Aldy	0.7	0	0	0
HG00551	Aldy	0.8	0	0	0
HG00552	Aldy	0.7	0	0	0
HG00553	Aldy	0.7	0	0	0
HG00554	Aldy	1.1	0	0	0
HG00555	Aldy	0.9	0	0	0
HG00556	Aldy	0.9	0	0	0
HG00557	Aldy	1.2	0	0	0
HG00558	Aldy	1.3	0	0	0
HG00559	Aldy	1.4	0	0	0
HG00560	Aldy	1.2	0	0	0
HG00561	Aldy	1.1	0	0	0
HG00565	Aldy	1.2	0	0	0
HG00566	Aldy	0.9	0	0	0
HG00567	Aldy	0.8	0	0	0
HG00577	Aldy	0.8	0	0	0
HG00578	Aldy	0.9	0	0	0
HG00579	Aldy	0.7	0	0	0
HG00580	Aldy	0.9	0	0	0
HG00581	Aldy	0.8	0	0	0
HG00582	Aldy	0.6	0	0	0
HG00583	Aldy	0.8	0	0	0
HG00584	Aldy	0.8	0	0	0
HG00585	Aldy	0.7	0	0	0
HG00589	Aldy	0.9	0	0	0
HG00590	Aldy	1.1	0	0	0
HG00591	Aldy	1.1	0	0	0
HG00592	Aldy	1.1	0	0	0
HG00593	Aldy	1.2	0	0	0
HG00594	Aldy	1.1	0	0	0
HG00595	Aldy	1.1	0	0	0
HG00596	Aldy	0.9	0	0	0
HG00597	Aldy	0.7	0	0	0
HG00598	Aldy	0.8	0	0	0
HG00599	Aldy	0.6	0	0	0
HG00607	Aldy	0.8	0	0	0
HG00608	Aldy	0.9	0	0	0
HG00609	Aldy	0.8	0	0	0
HG00610	Aldy	0.7	0	0	0
HG00611	Aldy	0.7	0	0	0
HG00612	Aldy	1.2	0	0	0
HG00613	Aldy	1.2	0	0	0
HG00614	Aldy	1.1	0	0	0
HG00615	Aldy	1.2	0	0	0
HG00619	Aldy	1.1	0	0	0
HG00620	Aldy	1.2	0	0	0
HG00621	Aldy	1.1	0	0	0
HG00622	Aldy	1.0	0	0	0
HG00623	Aldy	1.0	0	0	0
HG00625	Aldy	1.0	0	0	0
HG00626	Aldy	0.8	0	0	0
HG00627	Aldy	0.7	0	0	0
HG00628	Aldy	0.7	0	0	0
HG00629	Aldy	0.9	0	0	0
HG00630	Aldy	1.0	0	0	0
HG00631	Aldy	1.0	0	0	0
HG00632	Aldy	1.0	0	0	0
HG00634	Aldy	1.0	0	0	0
HG00635	Aldy	0.9	0	0	0
HG00636	Aldy	1.1	0	0	0
HG00637	Aldy	1.0	0	0	0
HG00638	Aldy	0.9	0	0	0
HG00639	Aldy	1.0	0	0	0
HG00640	Aldy	0.9	0	0	0
HG00641	Aldy	1.0	0	0	0
HG00642	Aldy	0.9	0	0	0
HG00650	Aldy	0.9	0	0	0
HG00651	Aldy	0.9	0	0	0
HG00652	Aldy	0.7	0	0	0
HG00653	Aldy	0.8	0	0	0
HG00654	Aldy	1.0	0	0	0
HG00655	Aldy	1.0	0	0	0
HG00656	Aldy	0.9	0	0	0
HG00657	Aldy	0.9	0	0	0
HG00658	Aldy	0.9	0	0	0
HG00662	Aldy	0.7	0	0	0
HG00663	Aldy	0.6	0	0	0
HG00664	Aldy	0.7	0	0	0
HG00671	Aldy	0.9	0	0	0
HG00672	Aldy	0.9	0	0	0
HG00673	Aldy	0.9	0	0	0
HG00674	Aldy	0.9	0	0	0
HG00675	Aldy	0.9	0	0	0
HG00683	Aldy	0.9	0	0	0
HG00684	Aldy	1.6	0	0	0
HG00685	Aldy	1.0	0	0	0
HG00689	Aldy	0.6	0	0	0
HG00690	Aldy	0.7	0	0	0
HG00691	Aldy	0.3	0	0	0
HG00692	Aldy	0.6	0	0	0
HG00693	Aldy	0.8	0	0	0
HG00694	Aldy	0.8	0	0	0
HG00698	Aldy	0.8	0	0	0
HG00699	Aldy	1.2	0	0	0
HG00700	Aldy	0.9	0	0	0
HG00701	Aldy	1.0	0	0	0
HG00702	Aldy	1.1	0	0	0
HG00703	Aldy	0.9	0	0	0
HG00704	Aldy	0.9	0	0	0
HG00705	Aldy	0.8	0	0	0
HG00706	Aldy	0.9	0	0	0
HG00707	Aldy	0.8	0	0	0
HG00708	Aldy	1.0	0	0	0
HG00709	Aldy	0.6	0	0	0
HG00717	Aldy	1.0	0	0	0
HG00728	Aldy	0.8	0	0	0
HG00729	Aldy	1.1	0	0	0
HG00731	Aldy	0.9	0	0	0
HG00732	Aldy	0.9	0	0	0
HG00733	Aldy	1.0	0	0	0
HG00734	Aldy	0.9	0	0	0
HG00735	Aldy	0.9	0	0	0
HG00736	Aldy	0.8	0	0	0
HG00737	Aldy	0.9	0	0	0
HG00738	Aldy	0.8	0	0	0
HG00739	Aldy	0.9	0	0	0
HG00740	Aldy	0.8	0	0	0
HG00741	Aldy	0.9	0	0	0
HG00742	Aldy	0.8	0	0	0
HG00743	Aldy	0.6	0	0	0
HG00759	Aldy	0.8	0	0	0
HG00766	Aldy	2.7	0	0	0
HG00844	Aldy	0.5	0	0	0
HG00851	Aldy	0.5	0	0	0
HG00864	Aldy	0.8	0	0	0
HG00867	Aldy	0.7	0	0	0
HG00879	Aldy	0.6	0	0	0
HG00881	Aldy	0.7	0	0	0
HG00956	Aldy	0.8	0	0	0
HG00978	Aldy	0.7	0	0	0
HG00982	Aldy	0.8	0	0	0
HG01028	Aldy	1.0	0	0	0
HG01029	Aldy	0.8	0	0	0
HG01031	Aldy	0.8	0	0	0
HG01046	Aldy	0.8	0	0	0
HG01047	Aldy	0.8	0	0	0
HG01048	Aldy	0.8	0	0	0
HG01049	Aldy	0.8	0	0	0
HG01050	Aldy	0.8	0	0	0
HG01051	Aldy	0.8	0	0	0
HG01052	Aldy	1.1	0	0	0
HG01053	Aldy	0.7	0	0	0
HG01054	Aldy	0.9	0	0	0
HG01055	Aldy	0.8	0	0	0
HG01056	Aldy	0.7	0	0	0
HG01058	Aldy	0.8	0	0	0
HG01060	Aldy	1.0	0	0	0
HG01061	Aldy	1.0	0	0	0
HG01062	Aldy	0.8	0	0	0
HG01063	Aldy	0.9	0	0	0
HG01064	Aldy	0.9	0	0	0
HG01066	Aldy	1.0	0	0	0
HG01067	Aldy	0.9	0	0	0
HG01068	Aldy	0.6	0	0	0
HG01069	Aldy	0.8	0	0	0
HG01070	Aldy	0.8	0	0	0
HG01071	Aldy	0.8	0	0	0
HG01072	Aldy	0.8	0	0	0
HG01073	Aldy	1.0	0	0	0
HG01074	Aldy	0.6	0	0	0
HG01075	Aldy	1.0	0	0	0
HG01077	Aldy	0.9	0	0	0
HG01079	Aldy	0.7	0	0	0
HG01080	Aldy	0.7	0	0	0
HG01081	Aldy	0.8	0	0	0
HG01082	Aldy	1.0	0	0	0
HG01083	Aldy	0.9	0	0	0
HG01084	Aldy	0.8	0	0	0
HG01085	Aldy	0.9	0	0	0
HG01086	Aldy	0.9	0	0	0
HG01087	Aldy	0.8	0	0	0
HG01088	Aldy	0.8	0	0	0
HG01089	Aldy	0.8	0	0	0
HG01092	Aldy	0.8	0	0	0
HG01094	Aldy	0.8	0	0	0
HG01095	Aldy	0.8	0	0	0
HG01096	Aldy	0.8	0	0	0
HG01097	Aldy	0.8	0	0	0
HG01098	Aldy	1.1	0	0	0
HG01099	Aldy	1.0	0	0	0
HG01100	Aldy	0.7	0	0	0
HG01101	Aldy	0.8	0	0	0
HG01102	Aldy	1.1	0	0	0
HG01103	Aldy	1.0	0	0	0
HG01104	Aldy	0.9	0	0	0
HG01105	Aldy	0.9	0	0	0
HG01106	Aldy	0.9	0	0	0
HG01107	Aldy	0.9	0	0	0
HG01108	Aldy	0.9	0	0	0
HG01109	Aldy	0.9	0	0	0
HG01110	Aldy	0.9	0	0	0
HG01111	Aldy	0.8	0	0	0
HG01112	Aldy	1.0	0	0	0
HG01113	Aldy	0.6	0	0	0
HG01114	Aldy	0.9	0	0	0
HG01119	Aldy	0.9	0	0	0
HG01121	Aldy	0.9	0	0	0
HG01122	Aldy	1.0	0	0	0
HG01124	Aldy	0.6	0	0	0
HG01125	Aldy	0.9	0	0	0
HG01126	Aldy	1.0	0	0	0
HG01130	Aldy	0.8	0	0	0
HG01131	Aldy	0.6	0	0	0
HG01133	Aldy	0.7	0	0	0
HG01134	Aldy	0.6	0	0	0
HG01135	Aldy	0.7	0	0	0
HG01136	Aldy	0.8	0	0	0
HG01137	Aldy	0.6	0	0	0
HG01138	Aldy	0.6	0	0	0
HG01139	Aldy	0.6	0	0	0
HG01140	Aldy	0.6	0	0	0
HG01141	Aldy	0.6	0	0	0
HG01142	Aldy	0.8	0	0	0
HG01148	Aldy	0.6	0	0	0
HG01149	Aldy	0.6	0	0	0
HG01150	Aldy	0.6	0	0	0
HG01161	Aldy	0.7	0	0	0
HG01162	Aldy	0.7	0	0	0
HG01164	Aldy	1.6	0	0	0
HG01167	Aldy	0.7	0	0	0
HG01168	Aldy	0.7	0	0	0
HG01169	Aldy	0.8	0	0	0
HG01170	Aldy	1.0	0	0	0
HG01171	Aldy	1.7	0	0	0
HG01172	Aldy	0.9	0	0	0
HG01173	Aldy	10.9	0	11	0
HG01174	Aldy	12.7	0	0	0
HG01175	Aldy	10.2	0	0	0
HG01176	Aldy	10.1	0	0	0
HG01177	Aldy	11.5	0	0	0
HG01178	Aldy	10.5	0	0	0
HG01182	Aldy	9.5	0	0	0
HG01183	Aldy	9.2	0	2	0
HG01184	Aldy	10.6	0	1	0
HG01187	Aldy	9.8	0	1	0
HG01188	Aldy	9.9	0	1	0
HG01189	Aldy	10.0	0	2	0
HG01190	Aldy	11.9	0	2	0
HG01191	Aldy	10.2	0	2	0
HG01192	Aldy	12.7	0	2	0
HG01197	Aldy	11.0	0	2	0
HG01198	Aldy	13.6	0	1	0
HG01199	Aldy	6.4	0	1	0
HG01200	Aldy	8.6	0	2	0
HG01204	Aldy	11.1	0	1	0
HG01205	Aldy	13.0	0	3	0
HG01206	Aldy	10.8	0	2	0
HG01241	Aldy	12.1	0	0	0
HG01242	Aldy	11.9	0	2	0
HG01243	Aldy	15.0	0	2	0
HG01247	Aldy	12.6	0	0	0
HG01248	Aldy	13.0	0	0	0
HG01249	Aldy	19.6	0	0	0
HG01250	Aldy	9.9	0	0	0
HG01251	Aldy	8.5	0	0	0
HG01252	Aldy	10.0	0	0	0
HG01253	Aldy	13.1	0	0	0
HG01254	Aldy	13.3	0	0	0
HG01255	Aldy	9.2	0	1	0
HG01256	Aldy	9.9	0	1	0
HG01257	Aldy	12.4	0	5	0
HG01258	Aldy	11.3	0	2	0
HG01259	Aldy	10.4	0	2	0
HG01260	Aldy	10.0	0	1	0
HG01261	Aldy	10.6	0	2	0
HG01269	Aldy	10.2	0	2	0
HG01271	Aldy	8.5	0	1	0
HG01272	Aldy	10.3	0	2	0
HG01273	Aldy	9.3	0	0	0
HG01274	Aldy	10.2	0	4	0
HG01275	Aldy	9.8	0	2	0
HG01276	Aldy	13.3	0	1	0
HG01277	Aldy	12.6	0	3	0
HG01278	Aldy	9.5	0	1	0
HG01279	Aldy	8.2	0	2	0
HG01280	Aldy	10.0	0	0	0
HG01281	Aldy	10.8	0	4	0
HG01284	Aldy	12.4	0	4	0
HG01286	Aldy	8.4	0	2	0
HG01302	Aldy	8.4	0	1	0
HG01303	Aldy	9.2	0	2	0
HG01305	Aldy	8.1	0	0	0
HG01308	Aldy	8.6	0	2	0
HG01311	Aldy	9.7	0	2	0
HG01312	Aldy	9.0	0	2	0
HG01323	Aldy	8.0	0	2	0
HG01325	Aldy	10.2	0	2	0
HG01326	Aldy	10.2	0	1	0
HG01334	Aldy	10.1	0	1	0
HG01341	Aldy	11.2	0	0	0
HG01342	Aldy	8.9	0	2	0
HG01343	Aldy	10.4	0	3	0
HG01344	Aldy	10.0	0	1	0
HG01345	Aldy	9.6	0	1	0
HG01346	Aldy	8.1	0	1	0
HG01347	Aldy	8.7	0	3	0
HG01348	Aldy	9.4	0	4	0
HG01349	Aldy	9.4	0	3	0
HG01350	Aldy	9.4	0	1	0
HG01351	Aldy	8.8	0	3	0
HG01352	Aldy	8.6	0	3	0
HG01353	Aldy	11.7	0	1	0
HG01354	Aldy	11.1	0	2	0
HG01355	Aldy	12.7	0	2	0
HG01356	Aldy	10.2	0	0	0
HG01357	Aldy	8.3	0	4	0
HG01358	Aldy	9.8	0	3	0
HG01359	Aldy	10.5	0	1	0
HG01360	Aldy	9.1	0	1	0
HG01361	Aldy	7.7	0	2	0
HG01362	Aldy	9.7	0	2	0
HG01363	Aldy	9.8	0	3	0
HG01365	Aldy	8.1	0	1	0
HG01366	Aldy	8.2	0	2	0
HG01367	Aldy	7.4	0	1	0
HG01369	Aldy	4.5	0	0	0
HG01372	Aldy	3.5	0	0	0
HG01374	Aldy	3.5	0	0	0
HG01375	Aldy	3.2	0	0	0
HG01376	Aldy	3.2	0	1	0
HG01377	Aldy	3.1	0	1	0
HG01378	Aldy	0.7	0	0	0
HG01379	Aldy	0.8	0	0	0
HG01383	Aldy	0.4	0	0	0
HG01384	Aldy	0.3	0	0	0
HG01385	Aldy	0.3	0	0	0
HG01389	Aldy	0.3	0	0	0
HG01390	Aldy	0.4	0	0	0
HG01391	Aldy	0.3	0	0	0
HG01392	Aldy	0.8	0	0	0
HG01393	Aldy	0.5	0	0	0
HG01395	Aldy	0.3	0	0	0
HG01396	Aldy	0.3	0	0	0
HG01398	Aldy	0.3	0	0	0
HG01402	Aldy	0.2	0	0	0
HG01403	Aldy	0.2	0	0	0
HG01405	Aldy	0.3	0	0	0
HG01412	Aldy	0.3	0	0	0
HG01413	Aldy	0.2	0	0	0
HG01414	Aldy	0.2	0	0	0
HG01431	Aldy	0.2	0	0	0
HG01432	Aldy	0.2	0	0	0
HG01433	Aldy	0.2	0	0	0
HG01435	Aldy	0.4	0	0	0
HG01437	Aldy	0.5	0	0	0
HG01438	Aldy	0.5	0	0	0
HG01439	Aldy	0.5	0	0	0
HG01440	Aldy	0.5	0	0	0
HG01441	Aldy	0.5	0	0	0
HG01443	Aldy	0.5	0	0	0
HG01444	Aldy	0.5	0	0	0
HG01447	Aldy	0.5	0	0	0
HG01455	Aldy	0.5	0	0	0
HG01456	Aldy	0.5	0	0	0
HG01457	Aldy	0.5	0	0	0
HG01459	Aldy	0.5	0	0	0
HG01461	Aldy	0.5	0	0	0
HG01462	Aldy	0.5	0	0	0
HG01463	Aldy	0.5	0	0	0
HG01464	Aldy	0.4	0	0	0
HG01465	Aldy	0.7	0	0	0
HG01466	Aldy	0.9	0	0	0
HG01468	Aldy	0.3	0	0	0
HG01474	Aldy	0.2	0	0	0
HG01479	Aldy	0.3	0	0	0
HG01485	Aldy	0.2	0	0	0
HG01486	Aldy	0.2	0	0	0
HG01488	Aldy	0.2	0	0	0
HG01489	Aldy	0.8	0	0	0
HG01490	Aldy	0.4	0	0	0
HG01491	Aldy	0.4	0	0	0
HG01492	Aldy	0.6	0	0	0
HG01493	Aldy	0.3	0	0	0
HG01494	Aldy	0.3	0	0	0
HG01495	Aldy	0.5	0	0	0
HG01496	Aldy	0.6	0	0	0
HG01497	Aldy	0.5	0	0	0
HG01498	Aldy	0.5	0	0	0
HG01499	Aldy	0.5	0	0	0
HG01500	Aldy	0.5	0	0	0
HG01501	Aldy	0.5	0	0	0
HG01502	Aldy	0.5	0	0	0
HG01503	Aldy	0.5	0	0	0
HG01504	Aldy	0.5	0	0	0
HG01505	Aldy	0.5	0	0	0
HG01506	Aldy	0.5	0	0	0
HG01507	Aldy	0.5	0	0	0
HG01508	Aldy	0.5	0	0	0
HG01509	Aldy	0.5	0	0	0
HG01510	Aldy	0.5	0	0	0
HG01511	Aldy	0.5	0	0	0
HG01512	Aldy	0.7	0	0	0
HG01513	Aldy	0.3	0	0	0
HG01514	Aldy	0.3	0	0	0
HG01515	Aldy	0.3	0	0	0
HG01516	Aldy	0.2	0	0	0
HG01517	Aldy	0.2	0	0	0
HG01518	Aldy	0.6	0	0	0
HG01519	Aldy	0.8	0	0	0
HG01520	Aldy	1.3	0	0	0
HG01521	Aldy	1.4	0	0	0
HG01522	Aldy	0.7	0	0	0
HG01523	Aldy	0.7	0	0	0
HG01524	Aldy	0.7	0	0	0
HG01525	Aldy	0.7	0	0	0
HG01526	Aldy	0.7	0	0	0
HG01527	Aldy	0.7	0	0	0
HG01528	Aldy	0.7	0	0	0
HG01529	Aldy	0.7	0	0	0
HG01530	Aldy	0.7	0	0	0
HG01531	Aldy	0.7	0	0	0
HG01532	Aldy	0.7	0	0	0
HG01536	Aldy	0.7	0	0	0
HG01537	Aldy	0.7	0	0	0
HG01538	Aldy	0.6	0	0	0
HG01550	Aldy	1.7	0	0	0
HG01551	Aldy	1.2	0	0	0
HG01552	Aldy	1.1	0	0	0
HG01556	Aldy	1.1	0	0	0
HG01565	Aldy	1.1	0	0	0
HG01566	Aldy	1.0	0	0	0
HG01567	Aldy	1.0	0	0	0
HG01571	Aldy	1.0	0	0	0
HG01572	Aldy	0.9	0	0	0
HG01573	Aldy	1.0	0	0	0
HG01577	Aldy	0.9	0	0	0
HG01578	Aldy	1.0	0	0	0
HG01579	Aldy	0.9	0	0	0
HG01595	Aldy	1.0	0	0	0
HG01596	Aldy	0.8	0	0	0
HG01597	Aldy	0.6	0	0	0
HG01598	Aldy	0.7	0	0	0
HG01599	Aldy	0.7	0	0	0
HG01600	Aldy	0.6	0	0	0
HG01601	Aldy	0.7	0	0	0
HG01602	Aldy	0.7	0	0	0
HG01603	Aldy	0.7	0	0	0
HG01604	Aldy	0.7	0	0	0
HG01605	Aldy	0.8	0	0	0
HG01606	Aldy	0.7	0	0	0
HG01607	Aldy	0.6	0	0	0
HG01608	Aldy	0.6	0	0	0
HG01609	Aldy	0.7	0	0	0
HG01610	Aldy	0.7	0	0	0
HG01611	Aldy	0.7	0	0	0
HG01612	Aldy	0.7	0	0	0
HG01613	Aldy	0.7	0	0	0
HG01614	Aldy	0.7	0	0	0
HG01615	Aldy	0.6	0	0	0
HG01616	Aldy	0.7	0	0	0
HG01617	Aldy	0.7	0	0	0
HG01618	Aldy	0.7	0	0	0
HG01619	Aldy	0.7	0	0	0
HG01620	Aldy	0.7	0	0	0
HG01621	Aldy	0.7	0	0	0
HG01622	Aldy	0.7	0	0	0
HG01623	Aldy	0.7	0	0	0
HG01624	Aldy	0.9	0	0	0
HG01625	Aldy	0.7	0	0	0
HG01626	Aldy	0.7	0	0	0
HG01627	Aldy	0.7	0	0	0
HG01628	Aldy	0.8	0	0	0
HG01629	Aldy	0.6	0	0	0
HG01630	Aldy	0.6	0	0	0
HG01631	Aldy	0.6	0	0	0
HG01632	Aldy	0.7	0	0	0
HG01633	Aldy	0.7	0	0	0
HG01667	Aldy	0.7	0	0	0
HG01668	Aldy	0.7	0	0	0
HG01669	Aldy	0.7	0	0	0
HG01670	Aldy	0.6	0	0	0
HG01671	Aldy	0.7	0	0	0
HG01672	Aldy	0.7	0	0	0
HG01673	Aldy	0.7	0	0	0
HG01674	Aldy	0.6	0	0	0
HG01675	Aldy	0.6	0	0	0
HG01676	Aldy	0.6	0	0	0
HG01677	Aldy	0.7	0	0	0
HG01678	Aldy	0.9	0	0	0
HG01679	Aldy	0.7	0	0	0
HG01680	Aldy	0.7	0	0	0
HG01681	Aldy	0.8	0	0	0
HG01682	Aldy	0.7	0	0	0
HG01683	Aldy	0.7	0	0	0
HG01684	Aldy	0.6	0	0	0
HG01685	Aldy	1.3	0	0	0
HG01686	Aldy	0.9	0	0	0
HG01687	Aldy	0.6	0	0	0
HG01694	Aldy	0.8	0	0	0
HG01695	Aldy	0.8	0	0	0
HG01696	Aldy	0.2	0	0	0
HG01697	Aldy	0.6	0	0	0
HG01698	Aldy	0.2	0	0	0
HG01699	Aldy	0.3	0	0	0
HG01700	Aldy	0.2	0	0	0
HG01701	Aldy	0.2	0	0	0
HG01702	Aldy	0.3	0	0	0
HG01703	Aldy	0.5	0	0	0
HG01704	Aldy	0.8	0	0	0
HG01705	Aldy	0.7	0	0	0
HG01706	Aldy	0.3	0	0	0
HG01707	Aldy	0.4	0	0	0
HG01708	Aldy	0.4	0	0	0
HG01709	Aldy	0.4	0	0	0
HG01710	Aldy	0.8	0	0	0
HG01711	Aldy	0.7	0	0	0
HG01746	Aldy	0.6	0	0	0
HG01747	Aldy	0.6	0	0	0
HG01748	Aldy	0.7	0	0	0
HG01755	Aldy	0.8	0	0	0
HG01756	Aldy	0.7	0	0	0
HG01757	Aldy	0.7	0	0	0
HG01761	Aldy	0.7	0	0	0
HG01762	Aldy	0.2	0	0	0
HG01763	Aldy	0.5	0	0	0
HG01765	Aldy	0.4	0	0	0
HG01766	Aldy	0.8	0	0	0
HG01767	Aldy	0.7	0	0	0
HG01768	Aldy	0.7	0	0	0
HG01770	Aldy	0.7	0	0	0
HG01771	Aldy	0.7	0	0	0
HG01772	Aldy	0.6	0	0	0
HG01773	Aldy	0.6	0	0	0
HG01774	Aldy	0.2	0	0	0
HG01775	Aldy	0.7	0	0	0
HG01776	Aldy	0.8	0	0	0
HG01777	Aldy	0.7	0	0	0
HG01778	Aldy	0.6	0	0	0
HG01779	Aldy	0.7	0	0	0
HG01780	Aldy	0.7	0	0	0
HG01781	Aldy	0.6	0	0	0
HG01782	Aldy	0.7	0	0	0
HG01784	Aldy	0.8	0	0	0
HG01785	Aldy	0.7	0	0	0
HG01786	Aldy	1.2	0	0	0
HG01789	Aldy	1.1	0	0	0
HG01790	Aldy	1.4	0	0	0
HG01791	Aldy	0.8	0	0	0
HG01794	Aldy	0.6	0	0	0
HG01795	Aldy	0.7	0	0	0
HG01796	Aldy	0.7	0	0	0
HG01797	Aldy	0.8	0	0	0
HG01798	Aldy	0.2	0	0	0
HG01799	Aldy	0.2	0	0	0
HG01800	Aldy	0.2	0	0	0
HG01801	Aldy	0.2	0	0	0
HG01802	Aldy	0.2	0	0	0
HG01804	Aldy	0.2	0	0	0
HG01805	Aldy	0.2	0	0	0
HG01806	Aldy	0.3	0	0	0
HG01807	Aldy	0.3	0	0	0
HG01808	Aldy	0.3	0	0	0
HG01809	Aldy	0.4	0	0	0
HG01810	Aldy	0.4	0	0	0
HG01811	Aldy	0.5	0	0	0
HG01812	Aldy	0.4	0	0	0
HG01813	Aldy	0.7	0	0	0
HG01815	Aldy	0.6	0	0	0
HG01816	Aldy	0.6	0	0	0
HG01817	Aldy	0.6	0	0	0
HG01840	Aldy	0.6	0	0	0
HG01841	Aldy	0.6	0	0	0
HG01842	Aldy	0.6	0	0	0
HG01843	Aldy	0.6	0	0	0
HG01844	Aldy	0.6	0	0	0
HG01845	Aldy	0.6	0	0	0
HG01846	Aldy	0.6	0	0	0
HG01847	Aldy	0.6	0	0	0
HG01848	Aldy	0.6	0	0	0
HG01849	Aldy	0.8	0	0	0
HG01850	Aldy	0.8	0	0	0
HG01851	Aldy	0.8	0	0	0
HG01852	Aldy	0.7	0	0	0
HG01853	Aldy	0.7	0	0	0
HG01855	Aldy	0.6	0	0	0
HG01857	Aldy	0.6	0	0	0
HG01858	Aldy	0.6	0	0	0
HG01859	Aldy	0.6	0	0	0
HG01860	Aldy	0.6	0	0	0
HG01861	Aldy	0.7	0	0	0
HG01862	Aldy	0.7	0	0	0
HG01863	Aldy	0.7	0	0	0
HG01864	Aldy	0.7	0	0	0
HG01865	Aldy	0.7	0	0	0
HG01866	Aldy	0.7	0	0	0
HG01867	Aldy	0.7	0	0	0
HG01868	Aldy	0.7	0	0	0
HG01869	Aldy	0.7	0	0	0
HG01870	Aldy	0.7	0	0	0
HG01871	Aldy	0.7	0	0	0
HG01872	Aldy	0.7	0	0	0
HG01873	Aldy	0.7	0	0	0
HG01874	Aldy	0.7	0	0	0
HG01878	Aldy	0.6	0	0	0
HG01879	Aldy	0.7	0	0	0
HG01880	Aldy	0.7	0	0	0
HG01881	Aldy	0.6	0	0	0
HG01882	Aldy	0.7	0	0	0
HG01883	Aldy	0.6	0	0	0
HG01884	Aldy	0.6	0	0	0
HG01885	Aldy	0.6	0	0	0
HG01886	Aldy	0.6	0	0	0
HG01887	Aldy	0.6	0	0	0
HG01888	Aldy	0.6	0	0	0
HG01889	Aldy	0.6	0	0	0
HG01890	Aldy	0.6	0	0	0
HG01891	Aldy	0.6	0	0	0
HG01892	Aldy	0.6	0	0	0
HG01893	Aldy	0.6	0	0	0
HG01894	Aldy	0.6	0	0	0
HG01895	Aldy	0.5	0	0	0
HG01896	Aldy	0.5	0	0	0
HG01897	Aldy	0.6	0	0	0
HG01898	Aldy	0.6	0	0	0
HG01912	Aldy	0.5	0	0	0
HG01914	Aldy	0.6	0	0	0
HG01915	Aldy	0.6	0	0	0
HG01916	Aldy	0.6	0	0	0
HG01917	Aldy	0.6	0	0	0
HG01918	Aldy	0.6	0	0	0
HG01919	Aldy	0.6	0	0	0
HG01920	Aldy	0.5	0	0	0
HG01921	Aldy	0.4	0	0	0
HG01922	Aldy	0.6	0	0	0
HG01923	Aldy	0.6	0	0	0
HG01924	Aldy	0.6	0	0	0
HG01925	Aldy	0.8	0	0	0
HG01926	Aldy	0.8	0	0	0
HG01927	Aldy	0.7	0	0	0
HG01928	Aldy	0.7	0	0	0
HG01932	Aldy	0.7	0	0	0
HG01933	Aldy	0.7	0	0	0
HG01934	Aldy	0.7	0	0	0
HG01935	Aldy	0.7	0	0	0
HG01936	Aldy	0.7	0	0	0
HG01937	Aldy	0.7	0	0	0
HG01938	Aldy	0.7	0	0	0
HG01939	Aldy	0.7	0	0	0
HG01940	Aldy	0.7	0	0	0
HG01941	Aldy	0.7	0	0	0
HG01942	Aldy	0.7	0	0	0
HG01943	Aldy	0.6	0	0	0
HG01944	Aldy	0.6	0	0	0
HG01945	Aldy	0.7	0	0	0
HG01946	Aldy	0.5	0	0	0
HG01947	Aldy	0.6	0	0	0
HG01948	Aldy	0.3	0	0	0
HG01949	Aldy	0.3	0	0	0
HG01950	Aldy	0.3	0	0	0
HG01951	Aldy	0.3	0	0	0
HG01952	Aldy	1.0	0	0	0
HG01953	Aldy	0.8	0	0	0
HG01954	Aldy	0.7	0	0	0
HG01955	Aldy	0.7	0	0	0
HG01956	Aldy	0.8	0	0	0
HG01958	Aldy	0.7	0	0	0
HG01959	Aldy	0.7	0	0	0
HG01960	Aldy	0.7	0	0	0
HG01961	Aldy	0.7	0	0	0
HG01965	Aldy	0.7	0	0	0
HG01967	Aldy	0.8	0	0	0
HG01968	Aldy	1.0	0	0	0
HG01969	Aldy	1.0	0	0	0
HG01970	Aldy	0.9	0	0	0
HG01971	Aldy	0.9	0	0	0
HG01972	Aldy	0.9	0	0	0
HG01973	Aldy	1.0	0	0	0
HG01974	Aldy	1.6	0	0	0
HG01975	Aldy	0.8	0	0	0
HG01976	Aldy	0.7	0	0	0
HG01977	Aldy	0.6	0	0	0
HG01978	Aldy	0.7	0	0	0
HG01979	Aldy	0.6	0	0	0
HG01980	Aldy	0.3	0	0	0
HG01981	Aldy	0.3	0	0	0
HG01982	Aldy	0.4	0	0	0
HG01983	Aldy	0.3	0	0	0
HG01984	Aldy	0.3	0	0	0
HG01985	Aldy	0.3	0	0	0
HG01986	Aldy	0.3	0	0	0
HG01987	Aldy	0.5	0	0	0
HG01988	Aldy	0.3	0	0	0
HG01989	Aldy	0.3	0	0	0
HG01990	Aldy	0.3	0	0	0
HG01991	Aldy	0.3	0	0	0
HG01992	Aldy	0.3	0	0	0
HG01993	Aldy	0.4	0	0	0
HG01997	Aldy	0.3	0	0	0
HG01998	Aldy	0.4	0	0	0
HG02002	Aldy	0.4	0	0	0
HG02003	Aldy	0.5	0	0	0
HG02004	Aldy	0.5	0	0	0
HG02006	Aldy	0.4	0	0	0
HG02008	Aldy	0.3	0	0	0
HG02009	Aldy	0.3	0	0	0
HG02010	Aldy	0.4	0	0	0
HG02011	Aldy	0.3	0	0	0
HG02012	Aldy	0.3	0	0	0
HG02013	Aldy	0.3	0	0	0
HG02014	Aldy	0.4	0	0	0
HG02015	Aldy	0.3	0	0	0
HG02016	Aldy	0.8	0	0	0
HG02017	Aldy	0.5	0	0	0
HG02018	Aldy	0.5	0	0	0
HG02019	Aldy	0.4	0	0	0
HG02020	Aldy	0.4	0	0	0
HG02023	Aldy	0.3	0	0	0
HG02024	Aldy	0.4	0	0	0
HG02025	Aldy	0.4	0	0	0
HG02026	Aldy	0.3	0	0	0
HG02027	Aldy	0.3	0	0	0
HG02028	Aldy	0.4	0	0	0
HG02029	Aldy	0.2	0	0	0
HG02030	Aldy	0.2	0	0	0
HG02031	Aldy	0.2	0	0	0
HG02032	Aldy	0.2	0	0	0
HG02035	Aldy	0.2	0	0	0
HG02040	Aldy	0.3	0	0	0
HG02047	Aldy	0.4	0	0	0
HG02048	Aldy	0.4	0	0	0
HG02049	Aldy	0.4	0	0	0
HG02050	Aldy	0.7	0	0	0
HG02051	Aldy	0.6	0	0	0
HG02052	Aldy	0.5	0	0	0
HG02053	Aldy	0.6	0	0	0
HG02054	Aldy	0.7	0	0	0
HG02055	Aldy	0.8	0	0	0
HG02056	Aldy	1.1	0	0	0
HG02057	Aldy	0.7	0	0	0
HG02058	Aldy	0.8	0	0	0
HG02059	Aldy	0.5	0	0	0
HG02060	Aldy	0.5	0	0	0
HG02061	Aldy	0.5	0	0	0
HG02064	Aldy	0.3	0	0	0
HG02067	Aldy	0.7	0	0	0
HG02068	Aldy	0.4	0	0	0
HG02069	Aldy	0.5	0	0	0
HG02070	Aldy	0.4	0	0	0
HG02071	Aldy	0.4	0	0	0
HG02072	Aldy	0.4	0	0	0
HG02073	Aldy	0.3	0	0	0
HG02074	Aldy	0.4	0	0	0
HG02075	Aldy	0.6	0	0	0
HG02076	Aldy	0.7	0	0	0
HG02077	Aldy	0.7	0	0	0
HG02078	Aldy	0.7	0	0	0
HG02079	Aldy	0.6	0	0	0
HG02080	Aldy	0.6	0	0	0
HG02081	Aldy	0.6	0	0	0
HG02082	Aldy	0.6	0	0	0
HG02083	Aldy	0.6	0	0	0
HG02084	Aldy	0.6	0	0	0
HG02085	Aldy	0.6	0	0	0
HG02086	Aldy	0.6	0	0	0
HG02087	Aldy	0.6	0	0	0
HG02088	Aldy	0.7	0	0	0
HG02089	Aldy	0.6	0	0	0
HG02090	Aldy	0.6	0	0	0
HG02091	Aldy	0.6	0	0	0
HG02095	Aldy	0.6	0	0	0
HG02102	Aldy	0.6	0	0	0
HG02104	Aldy	0.6	0	0	0
HG02105	Aldy	0.6	0	0	0
HG02106	Aldy	1.1	0	0	0
HG02107	Aldy	0.8	0	0	0
HG02108	Aldy	0.6	0	0	0
HG02111	Aldy	0.7	0	0	0
HG02113	Aldy	0.6	0	0	0
HG02116	Aldy	0.7	0	0	0
HG02120	Aldy	0.6	0	0	0
HG02121	Aldy	0.6	0	0	0
HG02122	Aldy	0.6	0	0	0
HG02126	Aldy	0.7	0	0	0
HG02127	Aldy	0.6	0	0	0
HG02128	Aldy	0.6	0	0	0
HG02129	Aldy	0.6	0	0	0
HG02130	Aldy	0.6	0	0	0
HG02131	Aldy	0.5	0	0	0
HG02132	Aldy	0.6	0	0	0
HG02133	Aldy	0.5	0	0	0
HG02134	Aldy	0.5	0	0	0
HG02135	Aldy	0.6	0	0	0
HG02136	Aldy	0.6	0	0	0
HG02137	Aldy	0.3	0	0	0
HG02138	Aldy	0.3	0	0	0
HG02139	Aldy	0.3	0	0	0
HG02140	Aldy	0.3	0	0	0
HG02141	Aldy	0.3	0	0	0
HG02142	Aldy	0.3	0	0	0
HG02143	Aldy	0.3	0	0	0
HG02144	Aldy	0.3	0	0	0
HG02145	Aldy	0.3	0	0	0
HG02146	Aldy	0.4	0	0	0
HG02147	Aldy	0.7	0	0	0
HG02148	Aldy	0.4	0	0	0
HG02150	Aldy	1.2	0	0	0
HG02151	Aldy	1.1	0	0	0
HG02152	Aldy	1.0	0	0	0
HG02153	Aldy	1.0	0	0	0
HG02154	Aldy	1.0	0	0	0
HG02155	Aldy	1.0	0	0	0
HG02156	Aldy	1.0	0	0	0
HG02164	Aldy	1.0	0	0	0
HG02165	Aldy	0.9	0	0	0
HG02166	Aldy	0.6	0	0	0
HG02178	Aldy	0.7	0	0	0
HG02179	Aldy	0.6	0	0	0
HG02180	Aldy	0.6	0	0	0
HG02181	Aldy	0.6	0	0	0
HG02182	Aldy	0.6	0	0	0
HG02184	Aldy	0.6	0	0	0
HG02185	Aldy	0.6	0	0	0
HG02186	Aldy	0.6	0	0	0
HG02187	Aldy	0.6	0	0	0
HG02188	Aldy	0.6	0	0	0
HG02190	Aldy	0.6	0	0	0
HG02215	Aldy	0.6	0	0	0
HG02219	Aldy	0.7	0	0	0
HG02220	Aldy	0.6	0	0	0
HG02221	Aldy	0.5	0	0	0
HG02222	Aldy	0.6	0	0	0
HG02223	Aldy	0.6	0	0	0
HG02224	Aldy	0.6	0	0	0
HG02225	Aldy	0.5	0	0	0
HG02229	Aldy	0.6	0	0	0
HG02230	Aldy	0.6	0	0	0
HG02231	Aldy	0.6	0	0	0
HG02232	Aldy	0.6	0	0	0
HG02233	Aldy	0.5	0	0	0
HG02234	Aldy	0.5	0	0	0
HG02235	Aldy	0.5	0	0	0
HG02236	Aldy	0.6	0	0	0
HG02237	Aldy	0.6	0	0	0
HG02238	Aldy	0.6	0	0	0
HG02239	Aldy	1.0	0	0	0
HG02240	Aldy	1.1	0	0	0
HG02250	Aldy	1.0	0	0	0
HG02252	Aldy	1.0	0	0	0
HG02253	Aldy	1.0	0	0	0
HG02255	Aldy	1.4	0	0	0
HG02256	Aldy	0.6	0	0	0
HG02257	Aldy	0.6	0	0	0
HG02258	Aldy	0.7	0	0	0
HG02259	Aldy	0.7	0	0	0
HG02260	Aldy	0.7	0	0	0
HG02261	Aldy	0.7	0	0	0
HG02262	Aldy	0.7	0	0	0
HG02265	Aldy	0.7	0	0	0
HG02266	Aldy	0.6	0	0	0
HG02271	Aldy	0.7	0	0	0
HG02272	Aldy	0.6	0	0	0
HG02273	Aldy	0.7	0	0	0
HG02274	Aldy	0.5	0	0	0
HG02275	Aldy	0.3	0	0	0
HG02277	Aldy	0.4	0	0	0
HG02278	Aldy	0.9	0	0	0
HG02279	Aldy	0.6	0	0	0
HG02280	Aldy	0.6	0	0	0
HG02281	Aldy	0.6	0	0	0
HG02282	Aldy	0.7	0	0	0
HG02283	Aldy	0.7	0	0	0
HG02284	Aldy	0.7	0	0	0
HG02285	Aldy	0.7	0	0	0
HG02286	Aldy	0.7	0	0	0
HG02287	Aldy	0.7	0	0	0
HG02291	Aldy	0.7	0	0	0
HG02292	Aldy	0.7	0	0	0
HG02293	Aldy	0.7	0	0	0
HG02298	Aldy	0.6	0	0	0
HG02299	Aldy	0.8	0	0	0
HG02300	Aldy	0.9	0	0	0
HG02301	Aldy	0.8	0	0	0
HG02302	Aldy	0.8	0	0	0
HG02303	Aldy	0.6	0	0	0
HG02304	Aldy	0.6	0	0	0
HG02307	Aldy	0.5	0	0	0
HG02308	Aldy	0.5	0	0	0
HG02309	Aldy	0.6	0	0	0
HG02312	Aldy	0.8	0	0	0
HG02314	Aldy	0.9	0	0	0
HG02315	Aldy	0.9	0	0	0
HG02316	Aldy	0.8	0	0	0
HG02317	Aldy	0.8	0	0	0
HG02318	Aldy	0.7	0	0	0
HG02321	Aldy	0.8	0	0	0
HG02322	Aldy	0.7	0	0	0
HG02323	Aldy	0.7	0	0	0
HG02325	Aldy	0.7	0	0	0
HG02330	Aldy	0.6	0	0	0
HG02332	Aldy	0.7	0	0	0
HG02334	Aldy	0.7	0	0	0
HG02337	Aldy	0.7	0	0	0
HG02339	Aldy	0.7	0	0	0
HG02343	Aldy	0.7	0	0	0
HG02345	Aldy	0.2	0	0	0
HG02348	Aldy	0.2	0	0	0
HG02351	Aldy	0.2	0	0	0
HG02353	Aldy	0.2	0	0	0
HG02355	Aldy	0.2	0	0	0
HG02356	Aldy	0.2	0	0	0
HG02360	Aldy	0.2	0	0	0
HG02364	Aldy	0.3	0	0	0
HG02367	Aldy	0.2	0	0	0
HG02371	Aldy	0.3	0	0	0
HG02373	Aldy	0.3	0	0	0
HG02374	Aldy	0.3	0	0	0
HG02375	Aldy	0.3	0	0	0
HG02379	Aldy	0.3	0	0	0
HG02380	Aldy	0.9	0	0	0
HG02382	Aldy	0.8	0	0	0
HG02383	Aldy	0.7	0	0	0
HG02384	Aldy	0.7	0	0	0
HG02385	Aldy	0.8	0	0	0
HG02386	Aldy	0.9	0	0	0
HG02389	Aldy	0.8	0	0	0
HG02390	Aldy	0.7	0	0	0
HG02391	Aldy	0.7	0	0	0
HG02392	Aldy	0.7	0	0	0
HG02394	Aldy	0.7	0	0	0
HG02395	Aldy	0.7	0	0	0
HG02396	Aldy	0.8	0	0	0
HG02397	Aldy	0.7	0	0	0
HG02398	Aldy	0.8	0	0	0
HG02399	Aldy	0.8	0	0	0
HG02401	Aldy	0.7	0	0	0
HG02402	Aldy	0.8	0	0	0
HG02406	Aldy	0.8	0	0	0
HG02407	Aldy	0.7	0	0	0
HG02408	Aldy	0.8	0	0	0
HG02409	Aldy	0.7	0	0	0
HG02410	Aldy	0.7	0	0	0
HG02419	Aldy	0.7	0	0	0
HG02420	Aldy	0.7	0	0	0
HG02425	Aldy	0.7	0	0	0
HG02427	Aldy	0.6	0	0	0
HG02429	Aldy	0.7	0	0	0
HG02433	Aldy	0.8	0	0	0
HG02439	Aldy	0.7	0	0	0
HG02442	Aldy	0.7	0	0	0
HG02445	Aldy	0.7	0	0	0
HG02449	Aldy	0.7	0	0	0
HG02450	Aldy	0.7	0	0	0
HG02451	Aldy	0.7	0	0	0
HG02455	Aldy	0.7	0	0	0
HG02461	Aldy	0.7	0	0	0
HG02462	Aldy	0.8	0	0	0
HG02463	Aldy	0.5	0	0	0
HG02464	Aldy	0.5	0	0	0
HG02465	Aldy	0.7	0	0	0
HG02466	Aldy	0.7	0	0	0
HG02470	Aldy	0.7	0	0	0
HG02471	Aldy	0.6	0	0	0
HG02476	Aldy	0.7	0	0	0
HG02477	Aldy	0.7	0	0	0
HG02479	Aldy	0.7	0	0	0
HG02481	Aldy	0.7	0	0	0
HG02484	Aldy	0.7	0	0	0
HG02485	Aldy	0.7	0	0	0
HG02489	Aldy	0.7	0	0	0
HG02496	Aldy	0.8	0	0	0
HG02497	Aldy	0.9	0	0	0
HG02501	Aldy	0.2	0	0	0
HG02502	Aldy	0.2	0	0	0
HG02505	Aldy	0.2	0	0	0
HG02508	Aldy	0.6	0	0	0
HG02511	Aldy	0.6	0	0	0
HG02512	Aldy	0.8	0	0	0
HG02513	Aldy	0.7	0	0	0
HG02514	Aldy	0.9	0	0	0
HG02521	Aldy	0.8	0	0	0
HG02522	Aldy	0.7	0	0	0
HG02523	Aldy	0.7	0	0	0
HG02524	Aldy	0.7	0	0	0
HG02525	Aldy	0.7	0	0	0
HG02526	Aldy	0.8	0	0	0
HG02536	Aldy	0.7	0	0	0
HG02537	Aldy	0.7	0	0	0
HG02541	Aldy	0.7	0	0	0
HG02545	Aldy	0.7	0	0	0
HG02546	Aldy	0.6	0	0	0
HG02549	Aldy	0.7	0	0	0
HG02554	Aldy	0.7	0	0	0
HG02555	Aldy	0.7	0	0	0
HG02557	Aldy	0.7	0	0	0
HG02558	Aldy	0.7	0	0	0
HG02561	Aldy	0.7	0	0	0
HG02562	Aldy	0.7	0	0	0
HG02563	Aldy	0.6	0	0	0
HG02568	Aldy	0.7	0	0	0
HG02569	Aldy	0.7	0	0	0
HG02570	Aldy	0.7	0	0	0
HG02571	Aldy	0.7	0	0	0
HG02572	Aldy	0.7	0	0	0
HG02573	Aldy	0.7	0	0	0
HG02574	Aldy	0.7	0	0	0
HG02575	Aldy	0.7	0	0	0
HG02577	Aldy	0.7	0	0	0
HG02580	Aldy	0.6	0	0	0
HG02582	Aldy	0.7	0	0	0
HG02583	Aldy	0.7	0	0	0
HG02584	Aldy	0.7	0	0	0
HG02585	Aldy	0.6	0	0	0
HG02586	Aldy	0.7	0	0	0
HG02587	Aldy	0.6	0	0	0
HG02588	Aldy	0.5	0	0	0
HG02589	Aldy	0.6	0	0	0
HG02590	Aldy	0.7	0	0	0
HG02594	Aldy	0.7	0	0	0
HG02595	Aldy	0.7	0	0	0
HG02596	Aldy	0.7	0	0	0
HG02610	Aldy	0.7	0	0	0
HG02611	Aldy	0.7	0	0	0
HG02612	Aldy	0.7	0	0	0
HG02613	Aldy	0.6	0	0	0
HG02614	Aldy	0.7	0	0	0
HG02615	Aldy	0.6	0	0	0
HG02620	Aldy	0.6	0	0	0
HG02621	Aldy	0.7	0	0	0
HG02622	Aldy	0.6	0	0	0
HG02623	Aldy	0.7	0	0	0
HG02624	Aldy	0.7	0	0	0
HG02625	Aldy	0.7	0	0	0
HG02628	Aldy	0.7	0	0	0
HG02629	Aldy	0.7	0	0	0
HG02630	Aldy	0.7	0	0	0
HG02634	Aldy	0.7	0	0	0
HG02635	Aldy	0.7	0	0	0
HG02636	Aldy	0.7	0	0	0
HG02642	Aldy	0.7	0	0	0
HG02643	Aldy	0.7	0	0	0
HG02644	Aldy	0.7	0	0	0
HG02645	Aldy	0.7	0	0	0
HG02646	Aldy	0.7	0	0	0
HG02647	Aldy	0.7	0	0	0
HG02666	Aldy	0.7	0	0	0
HG02667	Aldy	0.6	0	0	0
HG02668	Aldy	0.7	0	0	0
HG02675	Aldy	0.6	0	0	0
HG02676	Aldy	0.6	0	0	0
HG02677	Aldy	0.7	0	0	0
HG02678	Aldy	0.7	0	0	0
HG02679	Aldy	0.7	0	0	0
HG02680	Aldy	0.8	0	0	0
HG02702	Aldy	0.8	0	0	0
HG02703	Aldy	0.6	0	0	0
HG02704	Aldy	0.6	0	0	0
HG02715	Aldy	0.8	0	0	0
HG02716	Aldy	0.7	0	0	0
HG02717	Aldy	0.7	0	0	0
HG02721	Aldy	0.7	0	0	0
HG02722	Aldy	0.7	0	0	0
HG02723	Aldy	0.7	0	0	0
HG02756	Aldy	0.7	0	0	0
HG02757	Aldy	0.7	0	0	0
HG02759	Aldy	0.7	0	0	0
HG02760	Aldy	0.7	0	0	0
HG02761	Aldy	0.7	0	0	0
HG02762	Aldy	0.7	0	0	0
HG02763	Aldy	0.6	0	0	0
HG02764	Aldy	0.8	0	0	0
HG02768	Aldy	0.7	0	0	0
HG02769	Aldy	1.0	0	0	0
HG02770	Aldy	0.7	0	0	0
HG02771	Aldy	0.7	0	0	0
HG02772	Aldy	0.7	0	0	0
HG02773	Aldy	0.7	0	0	0
HG02798	Aldy	0.7	0	0	0
HG02799	Aldy	0.7	0	0	0
HG02800	Aldy	0.9	0	0	0
HG02804	Aldy	0.7	0	0	0
HG02805	Aldy	0.8	0	0	0
HG02806	Aldy	0.7	0	0	0
HG02807	Aldy	0.7	0	0	0
HG02808	Aldy	0.7	0	0	0
HG02809	Aldy	0.7	0	0	0
HG02810	Aldy	0.7	0	0	0
HG02811	Aldy	0.7	0	0	0
HG02812	Aldy	0.7	0	0	0
HG02813	Aldy	0.7	0	0	0
HG02814	Aldy	0.7	0	0	0
HG02815	Aldy	1.5	0	0	0
HG02816	Aldy	0.8	0	0	0
HG02817	Aldy	0.6	0	0	0
HG02818	Aldy	0.6	0	0	0
HG02819	Aldy	0.7	0	0	0
HG02820	Aldy	0.7	0	0	0
HG02821	Aldy	0.7	0	0	0
HG02836	Aldy	0.7	0	0	0
HG02837	Aldy	0.7	0	0	0
HG02838	Aldy	0.7	0	0	0
HG02839	Aldy	0.7	0	0	0
HG02840	Aldy	0.7	0	0	0
HG02841	Aldy	0.7	0	0	0
HG02851	Aldy	0.7	0	0	0
HG02852	Aldy	0.7	0	0	0
HG02853	Aldy	0.7	0	0	0
HG02854	Aldy	0.6	0	0	0
HG02855	Aldy	0.7	0	0	0
HG02856	Aldy	0.7	0	0	0
HG02860	Aldy	0.7	0	0	0
HG02861	Aldy	0.7	0	0	0
HG02862	Aldy	0.8	0	0	0
HG02869	Aldy	0.4	0	0	0
HG02870	Aldy	0.6	0	0	0
HG02871	Aldy	0.6	0	0	0
HG02878	Aldy	1.2	0	0	0
HG02879	Aldy	0.8	0	0	0
HG02880	Aldy	0.7	0	0	0
HG02881	Aldy	0.7	0	0	0
HG02882	Aldy	0.8	0	0	0
HG02883	Aldy	0.6	0	0	0
HG02884	Aldy	0.9	0	0	0
HG02885	Aldy	0.7	0	0	0
HG02886	Aldy	0.7	0	0	0
HG02887	Aldy	0.7	0	0	0
HG02888	Aldy	0.7	0	0	0
HG02889	Aldy	0.7	0	0	0
HG02890	Aldy	0.7	0	0	0
HG02891	Aldy	0.7	0	0	0
HG02892	Aldy	0.7	0	0	0
HG02895	Aldy	0.7	0	0	0
HG02896	Aldy	0.7	0	0	0
HG02897	Aldy	0.7	0	0	0
HG02922	Aldy	0.6	0	0	0
HG02923	Aldy	0.7	0	0	0
HG02924	Aldy	0.7	0	0	0
HG02938	Aldy	1.2	0	0	0
HG02941	Aldy	0.8	0	0	0
HG02943	Aldy	1.0	0	0	0
HG02944	Aldy	0.7	0	0	0
HG02945	Aldy	0.7	0	0	0
HG02946	Aldy	0.7	0	0	0
HG02947	Aldy	0.8	0	0	0
HG02948	Aldy	0.7	0	0	0
HG02952	Aldy	0.7	0	0	0
HG02953	Aldy	0.7	0	0	0
HG02954	Aldy	0.8	0	0	0
HG02964	Aldy	0.9	0	0	0
HG02965	Aldy	1.0	0	0	0
HG02966	Aldy	0.9	0	0	0
HG02968	Aldy	0.8	0	0	0
HG02970	Aldy	0.8	0	0	0
HG02971	Aldy	0.8	0	0	0
HG02972	Aldy	0.8	0	0	0
HG02973	Aldy	0.7	0	0	0
HG02974	Aldy	1.0	0	0	0
HG02975	Aldy	1.1	0	0	0
HG02976	Aldy	0.8	0	0	0
HG02977	Aldy	0.6	0	0	0
HG02978	Aldy	0.6	0	0	0
HG02979	Aldy	0.7	0	0	0
HG02980	Aldy	0.7	0	0	0
HG02981	Aldy	0.8	0	0	0
HG02982	Aldy	0.7	0	0	0
HG02983	Aldy	0.7	0	0	0
HG02984	Aldy	0.7	0	0	0
HG03024	Aldy	0.7	0	0	0
HG03025	Aldy	0.7	0	0	0
HG03026	Aldy	0.7	0	0	0
HG03027	Aldy	0.7	0	0	0
HG03028	Aldy	0.7	0	0	0
HG03029	Aldy	0.8	0	0	0
HG03033	Aldy	0.6	0	0	0
HG03034	Aldy	0.6	0	0	0
HG03035	Aldy	0.5	0	0	0
HG03039	Aldy	0.5	0	0	0
HG03040	Aldy	0.7	0	0	0
HG03041	Aldy	0.7	0	0	0
HG03045	Aldy	0.9	0	0	0
HG03046	Aldy	0.9	0	0	0
HG03047	Aldy	0.6	0	0	0
HG03048	Aldy	0.7	0	0	0
HG03049	Aldy	0.7	0	0	0
HG03050	Aldy	0.6	0	0	0
HG03052	Aldy	0.6	0	0	0
HG03054	Aldy	0.7	0	0	0
HG03055	Aldy	0.7	0	0	0
HG03056	Aldy	0.7	0	0	0
HG03057	Aldy	0.7	0	0	0
HG03058	Aldy	0.7	0	0	0
HG03060	Aldy	0.7	0	0	0
HG03061	Aldy	0.7	0	0	0
HG03063	Aldy	0.6	0	0	0
HG03064	Aldy	0.7	0	0	0
HG03065	Aldy	0.7	0	0	0
HG03066	Aldy	0.7	0	0	0
HG03069	Aldy	0.7	0	0	0
HG03072	Aldy	0.6	0	0	0
HG03073	Aldy	0.6	0	0	0
HG03074	Aldy	0.7	0	0	0
HG03077	Aldy	0.7	0	0	0
HG03078	Aldy	0.7	0	0	0
HG03079	Aldy	1.0	0	0	0
HG03081	Aldy	0.7	0	0	0
HG03082	Aldy	0.7	0	0	0
HG03084	Aldy	0.6	0	0	0
HG03085	Aldy	0.7	0	0	0
HG03086	Aldy	0.9	0	0	0
HG03088	Aldy	1.0	0	0	0
HG03091	Aldy	0.6	0	0	0
HG03095	Aldy	0.7	0	0	0
HG03096	Aldy	0.7	0	0	0
HG03097	Aldy	0.7	0	0	0
HG03098	Aldy	0.7	0	0	0
HG03099	Aldy	0.7	0	0	0
HG03100	Aldy	0.7	0	0	0
HG03101	Aldy	0.7	0	0	0
HG03103	Aldy	0.7	0	0	0
HG03105	Aldy	0.9	0	0	0
HG03108	Aldy	0.7	0	0	0
HG03109	Aldy	0.8	0	0	0
HG03110	Aldy	0.6	0	0	0
HG03111	Aldy	0.8	0	0	0
HG03112	Aldy	0.9	0	0	0
HG03113	Aldy	0.6	0	0	0
HG03114	Aldy	0.6	0	0	0
HG03115	Aldy	0.8	0	0	0
HG03116	Aldy	0.7	0	0	0
HG03117	Aldy	0.6	0	0	0
HG03118	Aldy	0.8	0	0	0
HG03119	Aldy	0.8	0	0	0
HG03120	Aldy	0.7	0	0	0
HG03121	Aldy	0.6	0	0	0
HG03122	Aldy	0.6	0	0	0
HG03123	Aldy	0.7	0	0	0
HG03124	Aldy	0.7	0	0	0
HG03125	Aldy	0.7	0	0	0
HG03126	Aldy	0.7	0	0	0
HG03127	Aldy	0.7	0	0	0
HG03128	Aldy	0.7	0	0	0
HG03129	Aldy	0.7	0	0	0
HG03130	Aldy	0.7	0	0	0
HG03131	Aldy	0.7	0	0	0
HG03132	Aldy	0.7	0	0	0
HG03133	Aldy	0.7	0	0	0
HG03134	Aldy	0.7	0	0	0
HG03135	Aldy	0.7	0	0	0
HG03136	Aldy	0.7	0	0	0
HG03137	Aldy	0.6	0	0	0
HG03139	Aldy	0.6	0	0	0
HG03157	Aldy	0.6	0	0	0
HG03159	Aldy	0.6	0	0	0
HG03160	Aldy	0.6	0	0	0
HG03161	Aldy	0.6	0	0	0
HG03162	Aldy	0.6	0	0	0
HG03163	Aldy	0.7	0	0	0
HG03164	Aldy	0.6	0	0	0
HG03166	Aldy	0.6	0	0	0
HG03168	Aldy	0.7	0	0	0
HG03169	Aldy	0.6	0	0	0
HG03170	Aldy	0.7	0	0	0
HG03172	Aldy	0.8	0	0	0
HG03175	Aldy	0.7	0	0	0
HG03189	Aldy	0.7	0	0	0
HG03190	Aldy	0.7	0	0	0
HG03191	Aldy	0.7	0	0	0
HG03193	Aldy	0.7	0	0	0
HG03195	Aldy	0.7	0	0	0
HG03196	Aldy	0.7	0	0	0
HG03197	Aldy	0.7	0	0	0
HG03198	Aldy	0.6	0	0	0
HG03199	Aldy	0.8	0	0	0
HG03200	Aldy	0.7	0	0	0
HG03202	Aldy	0.8	0	0	0
HG03209	Aldy	0.7	0	0	0
HG03212	Aldy	0.7	0	0	0
HG03224	Aldy	0.9	0	0	0
HG03225	Aldy	0.8	0	0	0
HG03240	Aldy	0.6	0	0	0
HG03241	Aldy	0.6	0	0	0
HG03242	Aldy	0.7	0	0	0
HG03246	Aldy	0.7	0	0	0
HG03247	Aldy	1.0	0	0	0
HG03248	Aldy	0.8	0	0	0
HG03249	Aldy	0.7	0	0	0
HG03250	Aldy	0.7	0	0	0
HG03251	Aldy	0.9	0	0	0
HG03258	Aldy	0.7	0	0	0
HG03259	Aldy	0.7	0	0	0
HG03260	Aldy	0.7	0	0	0
HG03265	Aldy	0.7	0	0	0
HG03267	Aldy	0.7	0	0	0
HG03268	Aldy	0.8	0	0	0
HG03269	Aldy	0.5	0	0	0
HG03270	Aldy	0.8	0	0	0
HG03271	Aldy	1.0	0	0	0
HG03272	Aldy	0.6	0	0	0
HG03279	Aldy	0.6	0	0	0
HG03280	Aldy	0.7	0	0	0
HG03291	Aldy	0.6	0	0	0
HG03294	Aldy	0.6	0	0	0
HG03295	Aldy	0.6	0	0	0
HG03296	Aldy	0.6	0	0	0
HG03297	Aldy	0.6	0	0	0
HG03298	Aldy	0.6	0	0	0
HG03299	Aldy	0.7	0	0	0
HG03300	Aldy	0.7	0	0	0
HG03301	Aldy	0.8	0	0	0
HG03302	Aldy	0.7	0	0	0
HG03303	Aldy	0.7	0	0	0
HG03304	Aldy	0.7	0	0	0
HG03305	Aldy	0.7	0	0	0
HG03306	Aldy	0.7	0	0	0
HG03307	Aldy	0.7	0	0	0
HG03308	Aldy	0.6	0	0	0
HG03309	Aldy	0.7	0	0	0
HG03310	Aldy	0.7	0	0	0
HG03311	Aldy	0.7	0	0	0
HG03312	Aldy	0.7	0	0	0
HG03313	Aldy	0.8	0	0	0
HG03314	Aldy	0.7	0	0	0
HG03342	Aldy	1.1	0	0	0
HG03343	Aldy	0.7	0	0	0
HG03344	Aldy	0.6	0	0	0
HG03350	Aldy	0.7	0	0	0
HG03351	Aldy	0.9	0	0	0
HG03352	Aldy	0.3	0	0	0
HG03354	Aldy	0.3	0	0	0
HG03363	Aldy	0.3	0	0	0
HG03366	Aldy	0.2	0	0	0
HG03367	Aldy	0.3	0	0	0
HG03368	Aldy	0.7	0	0	0
HG03369	Aldy	0.6	0	0	0
HG03370	Aldy	0.6	0	0	0
HG03371	Aldy	0.7	0	0	0
HG03372	Aldy	0.8	0	0	0
HG03373	Aldy	0.7	0	0	0
HG03374	Aldy	0.7	0	0	0
HG03376	Aldy	1.0	0	0	0
HG03378	Aldy	0.8	0	0	0
HG03380	Aldy	0.7	0	0	0
HG03382	Aldy	0.7	0	0	0
HG03385	Aldy	0.8	0	0	0
HG03388	Aldy	1.0	0	0	0
HG03391	Aldy	0.9	0	0	0
HG03394	Aldy	0.7	0	0	0
HG03397	Aldy	1.0	0	0	0
HG03401	Aldy	0.9	0	0	0
HG03410	Aldy	0.8	0	0	0
HG03419	Aldy	0.7	0	0	0
HG03428	Aldy	0.7	0	0	0
HG03432	Aldy	0.7	0	0	0
HG03433	Aldy	0.7	0	0	0
HG03436	Aldy	0.7	0	0	0
HG03437	Aldy	0.6	0	0	0
HG03438	Aldy	0.9	0	0	0
HG03439	Aldy	0.8	0	0	0
HG03442	Aldy	0.8	0	0	0
HG03445	Aldy	0.8	0	0	0
HG03446	Aldy	0.8	0	0	0
HG03449	Aldy	0.8	0	0	0
HG03451	Aldy	0.6	0	0	0
HG03452	Aldy	0.6	0	0	0
HG03453	Aldy	0.9	0	0	0
HG03454	Aldy	0.7	0	0	0
HG03455	Aldy	1.2	0	0	0
HG03456	Aldy	1.6	0	0	0
HG03457	Aldy	1.4	0	0	0
HG03458	Aldy	0.6	0	0	0
HG03460	Aldy	0.7	0	0	0
HG03461	Aldy	1.0	0	0	0
HG03464	Aldy	0.9	0	0	0
HG03469	Aldy	0.9	0	0	0
HG03470	Aldy	0.8	0	0	0
HG03472	Aldy	0.7	0	0	0
HG03473	Aldy	0.8	0	0	0
HG03476	Aldy	1.7	0	0	0
HG03478	Aldy	1.8	0	0	0
HG03479	Aldy	1.8	0	0	0
HG03480	Aldy	1.2	0	0	0
HG03484	Aldy	1.0	0	0	0
HG03485	Aldy	0.7	0	0	0
HG03486	Aldy	0.7	0	0	0
HG03499	Aldy	0.7	0	0	0
HG03511	Aldy	1.5	0	0	0
HG03514	Aldy	1.8	0	0	0
HG03515	Aldy	1.8	0	0	0
HG03516	Aldy	1.8	0	0	0
HG03517	Aldy	1.7	0	0	0
HG03518	Aldy	1.6	0	0	0
HG03519	Aldy	2.0	0	0	0
HG03520	Aldy	0.6	0	0	0
HG03521	Aldy	0.8	0	0	0
HG03522	Aldy	0.8	0	0	0
HG03538	Aldy	0.7	0	0	0
HG03539	Aldy	0.7	0	0	0
HG03540	Aldy	1.7	0	0	0
HG03547	Aldy	1.6	0	0	0
HG03548	Aldy	1.6	0	0	0
HG03556	Aldy	1.7	0	0	0
HG03557	Aldy	1.7	0	0	0
HG03558	Aldy	1.5	0	0	0
HG03559	Aldy	1.6	0	0	0
HG03563	Aldy	1.0	0	0	0
HG03565	Aldy	0.8	0	0	0
HG03567	Aldy	0.7	0	0	0
HG03571	Aldy	0.7	0	0	0
HG03572	Aldy	0.7	0	0	0
HG03574	Aldy	0.7	0	0	0
HG03575	Aldy	0.7	0	0	0
HG03576	Aldy	0.8	0	0	0
HG03577	Aldy	0.7	0	0	0
HG03578	Aldy	0.7	0	0	0
HG03579	Aldy	0.7	0	0	0
HG03582	Aldy	0.7	0	0	0
HG03583	Aldy	0.6	0	0	0
HG03584	Aldy	0.7	0	0	0
NA06984	Aldy	0.6	0	0	0
NA06985	Aldy	0.6	0	0	0
NA06986	Aldy	0.7	0	0	0
NA06989	Aldy	0.7	0	0	0
NA06991	Aldy	0.6	0	0	0
NA06993	Aldy	0.8	0	0	0
NA06994	Aldy	0.7	0	0	0
NA06995	Aldy	0.6	0	0	0
NA06997	Aldy	0.7	0	0	0
NA07000	Aldy	1.3	0	0	0
NA07014	Aldy	0.8	0	0	0
NA07019	Aldy	0.6	0	0	0
NA07022	Aldy	0.7	0	0	0
NA07029	Aldy	0.7	0	0	0
NA07031	Aldy	0.7	0	0	0
NA07034	Aldy	0.7	0	0	0
NA07037	Aldy	0.6	0	0	0
NA07045	Aldy	0.8	0	0	0
NA07048	Aldy	0.6	0	0	0
NA07051	Aldy	0.6	0	0	0
NA07055	Aldy	0.7	0	0	0
NA07056	Aldy	0.6	0	0	0
NA07345	Aldy	0.7	0	0	0
NA07346	Aldy	0.7	0	0	0
NA07347	Aldy	0.6	0	0	0
NA07348	Aldy	0.7	0	0	0
NA07349	Aldy	0.8	0	0	0
NA07357	Aldy	0.2	0	0	0
NA07435	Aldy	0.2	0	0	0
NA10830	Aldy	0.2	0	0	0
NA10831	Aldy	0.2	0	0	0
NA10835	Aldy	0.2	0	0	0
NA10836	Aldy	0.2	0	0	0
NA10837	Aldy	0.2	0	0	0
NA10838	Aldy	0.3	0	0	0
NA10839	Aldy	0.2	0	0	0
NA10840	Aldy	0.2	0	0	0
NA10842	Aldy	0.4	0	0	0
NA10843	Aldy	0.7	0	0	0
NA10845	Aldy	1.4	0	0	0
NA10846	Aldy	0.6	0	0	0
NA10847	Aldy	0.6	0	0	0
NA10851	Aldy	0.7	0	0	0
NA10852	Aldy	0.7	0	0	0
NA10854	Aldy	0.7	0	0	0
NA10855	Aldy	0.7	0	0	0
NA10856	Aldy	0.7	0	0	0
NA10857	Aldy	0.7	0	0	0
NA10859	Aldy	0.8	0	0	0
NA10860	Aldy	0.7	0	0	0
NA10861	Aldy	0.6	0	0	0
NA10863	Aldy	0.6	0	0	0
NA10864	Aldy	0.7	0	0	0
NA10865	Aldy	0.9	0	0	0
NA11829	Aldy	1.2	0	0	0
NA11830	Aldy	1.2	0	0	0
NA11831	Aldy	0.7	0	0	0
NA11832	Aldy	0.7	0	0	0
NA11839	Aldy	0.7	0	0	0
NA11840	Aldy	0.7	0	0	0
NA11843	Aldy	0.9	0	0	0
NA11881	Aldy	0.7	0	0	0
NA11882	Aldy	0.7	0	0	0
NA11891	Aldy	0.7	0	0	0
NA11892	Aldy	0.7	0	0	0
NA11893	Aldy	0.8	0	0	0
NA11894	Aldy	1.1	0	0	0
NA11917	Aldy	1.0	0	0	0
NA11918	Aldy	0.9	0	0	0
NA11919	Aldy	0.9	0	0	0
NA11920	Aldy	1.0	0	0	0
NA11930	Aldy	0.9	0	0	0
NA11931	Aldy	0.8	0	0	0
NA11932	Aldy	0.6	0	0	0
NA11933	Aldy	0.9	0	0	0
NA11992	Aldy	0.9	0	0	0
NA11993	Aldy	0.9	0	0	0
NA11994	Aldy	0.9	0	0	0
NA11995	Aldy	0.9	0	0	0
NA12003	Aldy	0.9	0	0	0
NA12004	Aldy	0.7	0	0	0
NA12005	Aldy	0.7	0	0	0
NA12006	Aldy	0.6	0	0	0
NA12043	Aldy	0.7	0	0	0
NA12044	Aldy	0.7	0	0	0
NA12045	Aldy	0.7	0	0	0
NA12046	Aldy	0.8	0	0	0
NA12056	Aldy	0.7	0	0	0
NA12057	Aldy	0.7	0	0	0
NA12058	Aldy	0.9	0	0	0
NA12144	Aldy	0.7	0	0	0
NA12145	Aldy	0.7	0	0	0
NA12146	Aldy	0.7	0	0	0
NA12154	Aldy	0.7	0	0	0
NA12155	Aldy	0.7	0	0	0
NA12156	Aldy	0.7	0	0	0
NA12234	Aldy	0.7	0	0	0
NA12236	Aldy	0.7	0	0	0
NA12239	Aldy	0.7	0	0	0
NA12248	Aldy	0.7	0	0	0
NA12249	Aldy	0.7	0	0	0
NA12264	Aldy	0.9	0	0	0
NA12272	Aldy	0.6	0	0	0
NA12273	Aldy	0.5	0	0	0
NA12274	Aldy	0.5	0	0	0
NA12275	Aldy	0.6	0	0	0
NA12282	Aldy	0.6	0	0	0
NA12283	Aldy	0.6	0	0	0
NA12286	Aldy	0.6	0	0	0
NA12287	Aldy	0.7	0	0	0
NA12329	Aldy	0.7	0	0	0
NA12335	Aldy	0.7	0	0	0
NA12336	Aldy	0.7	0	0	0
NA12340	Aldy	0.7	0	0	0
NA12341	Aldy	0.7	0	0	0
NA12342	Aldy	0.6	0	0	0
NA12343	Aldy	0.7	0	0	0
NA12344	Aldy	0.7	0	0	0
NA12347	Aldy	0.6	0	0	0
NA12348	Aldy	0.7	0	0	0
NA12376	Aldy	0.7	0	0	0
NA12383	Aldy	0.7	0	0	0
NA12386	Aldy	0.7	0	0	0
NA12399	Aldy	0.7	0	0	0
NA12400	Aldy	0.6	0	0	0
NA12413	Aldy	0.8	0	0	0
NA12414	Aldy	0.8	0	0	0
NA12485	Aldy	0.6	0	0	0
NA12489	Aldy	0.6	0	0	0
NA12546	Aldy	0.7	0	0	0
NA12707	Aldy	0.8	0	0	0
NA12716	Aldy	0.7	0	0	0
NA12717	Aldy	0.7	0	0	0
NA12718	Aldy	0.7	0	0	0
NA12739	Aldy	0.7	0	0	0
NA12740	Aldy	0.7	0	0	0
NA12748	Aldy	0.7	0	0	0
NA12749	Aldy	0.8	0	0	0
NA12750	Aldy	0.6	0	0	0
NA12751	Aldy	0.7	0	0	0
NA12752	Aldy	0.8	0	0	0
NA12753	Aldy	0.9	0	0	0
NA12760	Aldy	0.7	0	0	0
NA12761	Aldy	0.8	0	0	0
NA12762	Aldy	0.7	0	0	0
NA12763	Aldy	0.7	0	0	0
NA12766	Aldy	0.8	0	0	0
NA12767	Aldy	1.2	0	0	0
NA12775	Aldy	1.0	0	0	0
NA12776	Aldy	0.7	0	0	0
NA12777	Aldy	0.8	0	0	0
NA12778	Aldy	0.8	0	0	0
NA12801	Aldy	1.1	0	0	0
NA12802	Aldy	1.0	0	0	0
NA12812	Aldy	0.9	0	0	0
NA12813	Aldy	1.2	0	0	0
NA12814	Aldy	0.8	0	0	0
NA12815	Aldy	0.6	0	0	0
NA12817	Aldy	0.7	0	0	0
NA12818	Aldy	0.6	0	0	0
NA12827	Aldy	0.7	0	0	0
NA12828	Aldy	0.7	0	0	0
NA12829	Aldy	0.7	0	0	0
NA12830	Aldy	0.8	0	0	0
NA12832	Aldy	0.7	0	0	0
NA12842	Aldy	0.7	0	0	0
NA12843	Aldy	0.9	0	0	0
NA12864	Aldy	0.7	0	0	0
NA12865	Aldy	0.6	0	0	0
NA12872	Aldy	0.6	0	0	0
NA12873	Aldy	0.7	0	0	0
NA12874	Aldy	0.7	0	0	0
NA12875	Aldy	0.7	0	0	0
NA12877	Aldy	0.7	0	0	0
NA12878	Aldy	0.7	0	0	0
NA12889	Aldy	0.6	0	0	0
NA12890	Aldy	0.7	0	0	0
NA12891	Aldy	0.6	0	0	0
NA12892	Aldy	0.6	0	0	0
NA18484	Aldy	0.6	0	0	0
NA18485	Aldy	0.6	0	0	0
NA18486	Aldy	0.7	0	0	0
NA18487	Aldy	0.6	0	0	0
NA18488	Aldy	0.6	0	0	0
NA18489	Aldy	0.6	0	0	0
NA18497	Aldy	0.6	0	0	0
NA18498	Aldy	0.6	0	0	0
NA18499	Aldy	0.6	0	0	0
NA18500	Aldy	0.6	0	0	0
NA18501	Aldy	0.6	0	0	0
NA18502	Aldy	0.6	0	0	0
NA18503	Aldy	0.7	0	0	0
NA18504	Aldy	0.7	0	0	0
NA18505	Aldy	0.6	0	0	0
NA18506	Aldy	0.6	0	0	0
NA18507	Aldy	0.9	0	0	0
NA18508	Aldy	0.7	0	0	0
NA18510	Aldy	0.8	0	0	0
NA18511	Aldy	0.7	0	0	0
NA18515	Aldy	0.6	0	0	0
NA18516	Aldy	0.7	0	0	0
NA18517	Aldy	0.6	0	0	0
NA18518	Aldy	0.6	0	0	0
NA18519	Aldy	0.7	0	0	0
NA18520	Aldy	0.6	0	0	0
NA18521	Aldy	0.6	0	0	0
NA18522	Aldy	0.7	0	0	0
NA18523	Aldy	0.6	0	0	0
NA18525	Aldy	0.7	0	0	0
NA18526	Aldy	0.7	0	0	0
NA18528	Aldy	0.7	0	0	0
NA18530	Aldy	0.7	0	0	0
NA18531	Aldy	0.9	0	0	0
NA18532	Aldy	0.7	0	0	0
NA18533	Aldy	0.7	0	0	0
NA18534	Aldy	0.8	0	0	0
NA18535	Aldy	0.9	0	0	0
NA18536	Aldy	0.8	0	0	0
NA18537	Aldy	0.7	0	0	0
NA18538	Aldy	0.6	0	0	0
NA18539	Aldy	0.7	0	0	0
NA18541	Aldy	0.7	0	0	0
NA18542	Aldy	0.7	0	0	0
NA18543	Aldy	0.8	0	0	0
NA18544	Aldy	0.7	0	0	0
NA18545	Aldy	0.7	0	0	0
NA18546	Aldy	0.7	0	0	0
NA18547	Aldy	0.7	0	0	0
NA18548	Aldy	0.7	0	0	0
NA18549	Aldy	0.7	0	0	0
NA18550	Aldy	0.7	0	0	0
NA18552	Aldy	0.8	0	0	0
NA18553	Aldy	0.7	0	0	0
NA18555	Aldy	0.6	0	0	0
NA18557	Aldy	0.7	0	0	0
NA18558	Aldy	0.7	0	0	0
NA18559	Aldy	0.7	0	0	0
NA18560	Aldy	0.8	0	0	0
NA18561	Aldy	0.6	0	0	0
NA18562	Aldy	0.6	0	0	0
NA18563	Aldy	0.4	0	0	0
NA18564	Aldy	0.2	0	0	0
NA18565	Aldy	0.2	0	0	0
NA18566	Aldy	0.3	0	0	0
NA18567	Aldy	0.2	0	0	0
NA18570	Aldy	0.3	0	0	0
NA18571	Aldy	0.2	0	0	0
NA18572	Aldy	0.2	0	0	0
NA18573	Aldy	0.2	0	0	0
NA18574	Aldy	0.2	0	0	0
NA18577	Aldy	0.2	0	0	0
NA18579	Aldy	0.6	0	0	0
NA18582	Aldy	0.8	0	0	0
NA18591	Aldy	0.7	0	0	0
NA18592	Aldy	0.7	0	0	0
NA18593	Aldy	0.6	0	0	0
NA18595	Aldy	0.7	0	0	0
NA18596	Aldy	0.6	0	0	0
NA18597	Aldy	0.6	0	0	0
NA18599	Aldy	0.6	0	0	0
NA18602	Aldy	0.6	0	0	0
NA18603	Aldy	0.6	0	0	0
NA18605	Aldy	0.7	0	0	0
NA18606	Aldy	0.6	0	0	0
NA18608	Aldy	0.6	0	0	0
NA18609	Aldy	0.6	0	0	0
NA18610	Aldy	0.7	0	0	0
NA18611	Aldy	0.6	0	0	0
NA18612	Aldy	0.6	0	0	0
NA18613	Aldy	0.7	0	0	0
NA18614	Aldy	0.7	0	0	0
NA18615	Aldy	0.7	0	0	0
NA18616	Aldy	0.9	0	0	0
NA18617	Aldy	0.8	0	0	0
NA18618	Aldy	0.8	0	0	0
NA18619	Aldy	0.8	0	0	0
NA18620	Aldy	0.7	0	0	0
NA18621	Aldy	0.7	0	0	0
NA18622	Aldy	0.7	0	0	0
NA18623	Aldy	0.7	0	0	0
NA18624	Aldy	0.7	0	0	0
NA18625	Aldy	0.7	0	0	0
NA18626	Aldy	0.7	0	0	0
NA18627	Aldy	0.6	0	0	0
NA18628	Aldy	0.6	0	0	0
NA18629	Aldy	0.7	0	0	0
NA18630	Aldy	0.7	0	0	0
NA18631	Aldy	0.6	0	0	0
NA18632	Aldy	0.6	0	0	0
NA18633	Aldy	0.6	0	0	0
NA18634	Aldy	0.7	0	0	0
NA18635	Aldy	0.7	0	0	0
NA18636	Aldy	0.9	0	0	0
NA18637	Aldy	0.7	0	0	0
NA18638	Aldy	0.7	0	0	0
NA18639	Aldy	0.7	0	0	0
NA18640	Aldy	0.7	0	0	0
NA18641	Aldy	0.7	0	0	0
NA18642	Aldy	0.7	0	0	0
NA18643	Aldy	0.7	0	0	0
NA18644	Aldy	0.7	0	0	0
NA18645	Aldy	0.6	0	0	0
NA18646	Aldy	0.6	0	0	0
NA18647	Aldy	0.7	0	0	0
NA18648	Aldy	0.7	0	0	0
NA18740	Aldy	0.6	0	0	0
NA18745	Aldy	0.7	0	0	0
NA18747	Aldy	0.6	0	0	0
NA18748	Aldy	0.6	0	0	0
NA18749	Aldy	0.6	0	0	0
NA18757	Aldy	0.6	0	0	0
NA18852	Aldy	0.6	0	0	0
NA18853	Aldy	0.6	0	0	0
NA18854	Aldy	0.6	0	0	0
NA18855	Aldy	0.7	0	0	0
NA18856	Aldy	0.7	0	0	0
NA18857	Aldy	0.5	0	0	0
NA18858	Aldy	0.5	0	0	0
NA18859	Aldy	0.6	0	0	0
NA18860	Aldy	0.3	0	0	0
NA18861	Aldy	0.3	0	0	0
NA18862	Aldy	0.3	0	0	0
NA18863	Aldy	0.3	0	0	0
NA18864	Aldy	0.3	0	0	0
NA18865	Aldy	0.6	0	0	0
NA18867	Aldy	0.8	0	0	0
NA18868	Aldy	0.6	0	0	0
NA18869	Aldy	0.7	0	0	0
NA18870	Aldy	0.7	0	0	0
NA18871	Aldy	0.7	0	0	0
NA18872	Aldy	0.7	0	0	0
NA18873	Aldy	0.6	0	0	0
NA18874	Aldy	0.6	0	0	0
NA18875	Aldy	0.6	0	0	0
NA18876	Aldy	0.6	0	0	0
NA18877	Aldy	0.6	0	0	0
NA18878	Aldy	0.6	0	0	0
NA18879	Aldy	0.7	0	0	0
NA18881	Aldy	0.6	0	0	0
NA18906	Aldy	0.7	0	0	0
NA18907	Aldy	0.7	0	0	0
NA18908	Aldy	0.7	0	0	0
NA18909	Aldy	0.6	0	0	0
NA18910	Aldy	0.5	0	0	0
NA18911	Aldy	0.6	0	0	0
NA18912	Aldy	0.9	0	0	0
NA18913	Aldy	1.1	0	0	0
NA18914	Aldy	1.3	0	0	0
NA18915	Aldy	0.9	0	0	0
NA18916	Aldy	0.7	0	0	0
NA18917	Aldy	0.8	0	0	0
NA18923	Aldy	0.7	0	0	0
NA18924	Aldy	0.7	0	0	0
NA18925	Aldy	0.7	0	0	0
NA18930	Aldy	0.6	0	0	0
NA18933	Aldy	0.6	0	0	0
NA18934	Aldy	0.6	0	0	0
NA18935	Aldy	0.6	0	0	0
NA18939	Aldy	0.7	0	0	0
NA18940	Aldy	0.6	0	0	0
NA18941	Aldy	0.6	0	0	0
NA18942	Aldy	0.9	0	0	0
NA18943	Aldy	0.7	0	0	0
NA18944	Aldy	0.8	0	0	0
NA18945	Aldy	0.8	0	0	0
NA18946	Aldy	0.7	0	0	0
NA18947	Aldy	0.7	0	0	0
NA18948	Aldy	1.0	0	0	0
NA18949	Aldy	0.7	0	0	0
NA18950	Aldy	0.8	0	0	0
NA18951	Aldy	0.5	0	0	0
NA18952	Aldy	0.6	0	0	0
NA18953	Aldy	0.7	0	0	0
NA18954	Aldy	0.7	0	0	0
NA18956	Aldy	0.6	0	0	0
NA18957	Aldy	0.7	0	0	0
NA18959	Aldy	0.6	0	0	0
NA18960	Aldy	0.6	0	0	0
NA18961	Aldy	0.7	0	0	0
NA18962	Aldy	0.6	0	0	0
NA18963	Aldy	0.6	0	0	0
NA18964	Aldy	0.7	0	0	0
NA18965	Aldy	0.6	0	0	0
NA18966	Aldy	0.6	0	0	0
NA18967	Aldy	0.7	0	0	0
NA18968	Aldy	0.6	0	0	0
NA18969	Aldy	0.6	0	0	0
NA18970	Aldy	0.7	0	0	0
NA18971	Aldy	0.7	0	0	0
NA18972	Aldy	0.7	0	0	0
NA18973	Aldy	0.9	0	0	0
NA18974	Aldy	0.8	0	0	0
NA18975	Aldy	0.7	0	0	0
NA18976	Aldy	0.7	0	0	0
NA18977	Aldy	0.7	0	0	0
NA18978	Aldy	0.7	0	0	0
NA18979	Aldy	0.7	0	0	0
NA18980	Aldy	0.7	0	0	0
NA18981	Aldy	0.6	0	0	0
NA18982	Aldy	0.7	0	0	0
NA18983	Aldy	0.7	0	0	0
NA18984	Aldy	0.7	0	0	0
NA18985	Aldy	0.7	0	0	0
NA18986	Aldy	0.7	0	0	0
NA18987	Aldy	0.7	0	0	0
NA18988	Aldy	0.6	0	0	0
NA18989	Aldy	0.6	0	0	0
NA18990	Aldy	0.7	0	0	0
NA18991	Aldy	0.7	0	0	0
NA18992	Aldy	0.6	0	0	0
NA18993	Aldy	0.6	0	0	0
NA18994	Aldy	0.6	0	0	0
NA18995	Aldy	0.6	0	0	0
NA18997	Aldy	0.8	0	0	0
NA18998	Aldy	0.8	0	0	0
NA18999	Aldy	0.8	0	0	0
NA19000	Aldy	0.6	0	0	0
NA19001	Aldy	0.7	0	0	0
NA19002	Aldy	0.6	0	0	0
NA19003	Aldy	0.7	0	0	0
NA19004	Aldy	0.7	0	0	0
NA19005	Aldy	0.7	0	0	0
NA19006	Aldy	0.7	0	0	0
NA19007	Aldy	0.6	0	0	0
NA19009	Aldy	0.7	0	0	0
NA19010	Aldy	0.5	0	0	0
NA19011	Aldy	0.6	0	0	0
NA19012	Aldy	0.7	0	0	0
NA19017	Aldy	0.7	0	0	0
NA19019	Aldy	0.7	0	0	0
NA19020	Aldy	0.7	0	0	0
NA19023	Aldy	0.6	0	0	0
NA19024	Aldy	0.8	0	0	0
NA19025	Aldy	0.6	0	0	0
NA19026	Aldy	0.7	0	0	0
NA19027	Aldy	0.6	0	0	0
NA19028	Aldy	0.6	0	0	0
NA19030	Aldy	0.6	0	0	0
NA19031	Aldy	0.9	0	0	0
NA19035	Aldy	1.0	0	0	0
NA19036	Aldy	0.9	0	0	0
NA19037	Aldy	1.1	0	0	0
NA19038	Aldy	1.1	0	0	0
NA19041	Aldy	0.8	0	0	0
NA19042	Aldy	0.7	0	0	0
NA19043	Aldy	0.7	0	0	0
NA19054	Aldy	0.7	0	0	0
NA19055	Aldy	0.7	0	0	0
NA19056	Aldy	0.7	0	0	0
NA19057	Aldy	0.7	0	0	0
NA19058	Aldy	0.6	0	0	0
NA19059	Aldy	0.7	0	0	0
NA19060	Aldy	0.7	0	0	0
NA19062	Aldy	0.7	0	0	0
NA19063	Aldy	0.7	0	0	0
NA19064	Aldy	0.7	0	0	0
NA19065	Aldy	0.6	0	0	0
NA19066	Aldy	0.6	0	0	0
NA19067	Aldy	0.7	0	0	0
NA19068	Aldy	1.0	0	0	0
NA19070	Aldy	0.7	0	0	0
NA19072	Aldy	0.7	0	0	0
NA19074	Aldy	0.6	0	0	0
NA19075	Aldy	0.6	0	0	0
NA19076	Aldy	0.6	0	0	0
NA19077	Aldy	0.7	0	0	0
NA19078	Aldy	0.7	0	0	0
NA19079	Aldy	0.6	0	0	0
NA19080	Aldy	0.7	0	0	0
NA19081	Aldy	0.7	0	0	0
NA19082	Aldy	0.7	0	0	0
NA19083	Aldy	0.6	0	0	0
NA19084	Aldy	0.7	0	0	0
NA19085	Aldy	0.6	0	0	0
NA19086	Aldy	0.7	0	0	0
NA19087	Aldy	0.6	0	0	0
NA19088	Aldy	0.7	0	0	0
NA19089	Aldy	0.6	0	0	0
NA19090	Aldy	0.6	0	0	0
NA19091	Aldy	0.7	0	0	0
NA19092	Aldy	0.7	0	0	0
NA19093	Aldy	0.7	0	0	0
NA19094	Aldy	0.6	0	0	0
NA19095	Aldy	0.7	0	0	0
NA19096	Aldy	0.6	0	0	0
NA19097	Aldy	0.6	0	0	0
NA19098	Aldy	0.7	0	0	0
NA19099	Aldy	0.6	0	0	0
NA19100	Aldy	0.6	0	0	0
NA19101	Aldy	0.7	0	0	0
NA19102	Aldy	0.7	0	0	0
NA19103	Aldy	0.6	0	0	0
NA19107	Aldy	0.6	0	0	0
NA19108	Aldy	0.6	0	0	0
NA19109	Aldy	0.8	0	0	0
NA19113	Aldy	0.7	0	0	0
NA19114	Aldy	0.6	0	0	0
NA19115	Aldy	0.6	0	0	0
NA19116	Aldy	0.7	0	0	0
NA19117	Aldy	0.7	0	0	0
NA19118	Aldy	0.6	0	0	0
NA19119	Aldy	0.7	0	0	0
NA19120	Aldy	0.6	0	0	0
NA19121	Aldy	0.6	0	0	0
NA19122	Aldy	0.7	0	0	0
NA19123	Aldy	0.7	0	0	0
NA19127	Aldy	0.8	0	0	0
NA19128	Aldy	0.6	0	0	0
NA19129	Aldy	0.6	0	0	0
NA19130	Aldy	0.6	0	0	0
NA19131	Aldy	0.6	0	0	0
NA19132	Aldy	0.7	0	0	0
NA19137	Aldy	0.7	0	0	0
NA19138	Aldy	0.8	0	0	0
NA19139	Aldy	0.6	0	0	0
NA19140	Aldy	0.9	0	0	0
NA19141	Aldy	0.9	0	0	0
NA19142	Aldy	0.7	0	0	0
NA19143	Aldy	0.7	0	0	0
NA19144	Aldy	0.8	0	0	0
NA19145	Aldy	0.7	0	0	0
NA19146	Aldy	0.7	0	0	0
NA19147	Aldy	0.7	0	0	0
NA19148	Aldy	0.7	0	0	0
NA19149	Aldy	0.7	0	0	0
NA19150	Aldy	0.6	0	0	0
NA19151	Aldy	0.7	0	0	0
NA19152	Aldy	0.7	0	0	0
NA19153	Aldy	0.7	0	0	0
NA19154	Aldy	0.6	0	0	0
NA19159	Aldy	0.8	0	0	0
NA19160	Aldy	0.6	0	0	0
NA19161	Aldy	0.6	0	0	0
NA19171	Aldy	0.6	0	0	0
NA19172	Aldy	0.6	0	0	0
NA19173	Aldy	0.6	0	0	0
NA19174	Aldy	0.7	0	0	0
NA19175	Aldy	0.6	0	0	0
NA19176	Aldy	0.7	0	0	0
NA19177	Aldy	0.6	0	0	0
NA19184	Aldy	1.1	0	0	0
NA19185	Aldy	0.8	0	0	0
NA19186	Aldy	0.7	0	0	0
NA19189	Aldy	0.7	0	0	0
NA19190	Aldy	0.7	0	0	0
NA19191	Aldy	0.7	0	0	0
NA19197	Aldy	0.7	0	0	0
NA19198	Aldy	0.7	0	0	0
NA19199	Aldy	0.7	0	0	0
NA19200	Aldy	0.7	0	0	0
NA19201	Aldy	0.7	0	0	0
NA19202	Aldy	0.6	0	0	0
NA19203	Aldy	0.7	0	0	0
NA19204	Aldy	0.7	0	0	0
NA19205	Aldy	0.7	0	0	0
NA19206	Aldy	0.6	0	0	0
NA19207	Aldy	0.6	0	0	0
NA19208	Aldy	0.6	0	0	0
NA19209	Aldy	0.8	0	0	0
NA19210	Aldy	0.8	0	0	0
NA19211	Aldy	0.7	0	0	0
NA19213	Aldy	0.6	0	0	0
NA19214	Aldy	0.7	0	0	0
NA19215	Aldy	0.7	0	0	0
NA19221	Aldy	0.7	0	0	0
NA19222	Aldy	0.7	0	0	0
NA19223	Aldy	0.7	0	0	0
NA19224	Aldy	0.6	0	0	0
NA19225	Aldy	0.7	0	0	0
NA19226	Aldy	0.6	0	0	0
NA19235	Aldy	0.7	0	0	0
NA19236	Aldy	0.7	0	0	0
NA19237	Aldy	0.6	0	0	0
NA19238	Aldy	0.6	0	0	0
NA19239	Aldy	0.8	0	0	0
NA19240	Aldy	0.7	0	0	0
NA19247	Aldy	0.7	0	0	0
NA19248	Aldy	0.6	0	0	0
NA19249	Aldy	0.6	0	0	0
NA19256	Aldy	0.7	0	0	0
NA19257	Aldy	0.6	0	0	0
NA19258	Aldy	0.7	0	0	0
NA19307	Aldy	0.6	0	0	0
NA19308	Aldy	0.9	0	0	0
NA19309	Aldy	0.6	0	0	0
NA19310	Aldy	0.6	0	0	0
NA19312	Aldy	0.7	0	0	0
NA19314	Aldy	0.7	0	0	0
NA19315	Aldy	0.7	0	0	0
NA19316	Aldy	0.7	0	0	0
NA19317	Aldy	0.7	0	0	0
NA19318	Aldy	0.7	0	0	0
NA19319	Aldy	0.7	0	0	0
NA19320	Aldy	0.6	0	0	0
NA19321	Aldy	0.7	0	0	0
NA19323	Aldy	0.6	0	0	0
NA19324	Aldy	0.6	0	0	0
NA19327	Aldy	0.7	0	0	0
NA19328	Aldy	0.6	0	0	0
NA19331	Aldy	0.6	0	0	0
NA19332	Aldy	0.7	0	0	0
NA19334	Aldy	0.6	0	0	0
NA19338	Aldy	0.6	0	0	0
NA19346	Aldy	0.6	0	0	0
NA19347	Aldy	0.5	0	0	0
NA19350	Aldy	0.6	0	0	0
NA19351	Aldy	0.8	0	0	0
NA19355	Aldy	0.5	0	0	0
NA19360	Aldy	0.7	0	0	0
NA19372	Aldy	0.6	0	0	0
NA19374	Aldy	0.6	0	0	0
NA19375	Aldy	0.7	0	0	0
NA19376	Aldy	0.6	0	0	0
NA19377	Aldy	0.6	0	0	0
NA19378	Aldy	0.7	0	0	0
NA19379	Aldy	0.7	0	0	0
NA19380	Aldy	0.7	0	0	0
NA19383	Aldy	0.7	0	0	0
NA19384	Aldy	0.6	0	0	0
NA19385	Aldy	0.7	0	0	0
NA19390	Aldy	0.6	0	0	0
NA19391	Aldy	0.7	0	0	0
NA19393	Aldy	0.6	0	0	0
NA19394	Aldy	0.7	0	0	0
NA19395	Aldy	0.6	0	0	0
NA19397	Aldy	0.7	0	0	0
NA19399	Aldy	0.7	0	0	0
NA19401	Aldy	0.6	0	0	0
NA19403	Aldy	0.8	0	0	0
NA19404	Aldy	1.0	0	0	0
NA19428	Aldy	0.8	0	0	0
NA19429	Aldy	0.7	0	0	0
NA19430	Aldy	0.7	0	0	0
NA19431	Aldy	0.8	0	0	0
NA19434	Aldy	0.7	0	0	0
NA19435	Aldy	0.7	0	0	0
NA19436	Aldy	0.6	0	0	0
NA19437	Aldy	0.7	0	0	0
NA19438	Aldy	0.7	0	0	0
NA19439	Aldy	0.6	0	0	0
NA19440	Aldy	0.7	0	0	0
NA19443	Aldy	0.7	0	0	0
NA19445	Aldy	0.6	0	0	0
NA19446	Aldy	0.7	0	0	0
NA19448	Aldy	0.7	0	0	0
NA19449	Aldy	0.6	0	0	0
NA19451	Aldy	0.7	0	0	0
NA19452	Aldy	0.7	0	0	0
NA19454	Aldy	0.6	0	0	0
NA19455	Aldy	0.6	0	0	0
NA19456	Aldy	0.6	0	0	0
NA19457	Aldy	0.6	0	0	0
NA19461	Aldy	0.7	0	0	0
NA19462	Aldy	0.5	0	0	0
NA19463	Aldy	0.7	0	0	0
NA19466	Aldy	0.7	0	0	0
NA19467	Aldy	0.7	0	0	0
NA19468	Aldy	0.7	0	0	0
NA19471	Aldy	0.6	0	0	0
NA19472	Aldy	0.6	0	0	0
NA19473	Aldy	0.6	0	0	0
NA19474	Aldy	0.7	0	0	0
NA19475	Aldy	0.6	0	0	0
NA19625	Aldy	0.7	0	0	0
NA19648	Aldy	0.6	0	0	0
NA19649	Aldy	0.6	0	0	0
NA19650	Aldy	0.7	0	0	0
NA19651	Aldy	0.6	0	0	0
NA19652	Aldy	0.6	0	0	0
NA19653	Aldy	0.6	0	0	0
NA19654	Aldy	0.6	0	0	0
NA19655	Aldy	0.6	0	0	0
NA19656	Aldy	0.6	0	0	0
NA19657	Aldy	0.6	0	0	0
NA19658	Aldy	0.7	0	0	0
NA19659	Aldy	0.7	0	0	0
NA19660	Aldy	0.8	0	0	0
NA19661	Aldy	0.8	0	0	0
NA19662	Aldy	0.6	0	0	0
NA19663	Aldy	0.6	0	0	0
NA19664	Aldy	0.6	0	0	0
NA19665	Aldy	0.6	0	0	0
NA19669	Aldy	0.6	0	0	0
NA19670	Aldy	0.6	0	0	0
NA19671	Aldy	0.9	0	0	0
NA19675	Aldy	0.7	0	0	0
NA19676	Aldy	0.5	0	0	0
NA19677	Aldy	0.5	0	0	0
NA19678	Aldy	0.3	0	0	0
NA19679	Aldy	0.4	0	0	0
NA19680	Aldy	0.3	0	0	0
NA19681	Aldy	0.2	0	0	0
NA19682	Aldy	0.5	0	0	0
NA19683	Aldy	0.7	0	0	0
NA19684	Aldy	0.6	0	0	0
NA19685	Aldy	0.7	0	0	0
NA19686	Aldy	0.9	0	0	0
NA19700	Aldy	0.5	0	0	0
NA19701	Aldy	0.6	0	0	0
NA19702	Aldy	0.2	0	0	0
NA19703	Aldy	0.3	0	0	0
NA19704	Aldy	0.2	0	0	0
NA19705	Aldy	0.2	0	0	0
NA19707	Aldy	0.3	0	0	0
NA19711	Aldy	0.3	0	0	0
NA19712	Aldy	0.2	0	0	0
NA19713	Aldy	0.2	0	0	0
NA19716	Aldy	0.2	0	0	0
NA19717	Aldy	0.2	0	0	0
NA19718	Aldy	0.2	0	0	0
NA19719	Aldy	0.3	0	0	0
NA19720	Aldy	0.9	0	0	0
NA19721	Aldy	0.3	0	0	0
NA19722	Aldy	0.9	0	0	0
NA19723	Aldy	1.3	0	0	0
NA19724	Aldy	0.7	0	0	0
NA19725	Aldy	0.7	0	0	0
NA19726	Aldy	0.6	0	0	0
NA19727	Aldy	0.6	0	0	0
NA19728	Aldy	0.6	0	0	0
NA19729	Aldy	0.6	0	0	0
NA19730	Aldy	0.7	0	0	0
NA19731	Aldy	0.5	0	0	0
NA19732	Aldy	0.5	0	0	0
NA19733	Aldy	0.5	0	0	0
NA19734	Aldy	0.7	0	0	0
NA19735	Aldy	0.7	0	0	0
NA19740	Aldy	0.6	0	0	0
NA19741	Aldy	0.7	0	0	0
NA19746	Aldy	0.7	0	0	0
NA19747	Aldy	0.7	0	0	0
NA19748	Aldy	0.6	0	0	0
NA19749	Aldy	0.5	0	0	0
NA19750	Aldy	0.5	0	0	0
NA19751	Aldy	0.6	0	0	0
NA19752	Aldy	0.6	0	0	0
NA19755	Aldy	0.7	0	0	0
NA19756	Aldy	0.7	0	0	0
NA19757	Aldy	0.6	0	0	0
NA19758	Aldy	0.5	0	0	0
NA19759	Aldy	0.5	0	0	0
NA19760	Aldy	0.6	0	0	0
NA19761	Aldy	0.6	0	0	0
NA19762	Aldy	0.6	0	0	0
NA19763	Aldy	0.6	0	0	0
NA19764	Aldy	0.6	0	0	0
NA19770	Aldy	0.6	0	0	0
NA19771	Aldy	0.6	0	0	0
NA19772	Aldy	0.6	0	0	0
NA19773	Aldy	0.6	0	0	0
NA19774	Aldy	0.7	0	0	0
NA19775	Aldy	0.6	0	0	0
NA19776	Aldy	0.7	0	0	0
NA19777	Aldy	0.7	0	0	0
NA19778	Aldy	0.6	0	0	0
NA19779	Aldy	0.6	0	0	0
NA19780	Aldy	0.6	0	0	0
NA19781	Aldy	0.6	0	0	0
NA19782	Aldy	0.6	0	0	0
NA19783	Aldy	0.7	0	0	0
NA19784	Aldy	0.6	0	0	0
NA19785	Aldy	0.9	0	0	0
NA19786	Aldy	0.7	0	0	0
NA19787	Aldy	0.8	0	0	0
NA19788	Aldy	0.6	0	0	0
NA19789	Aldy	0.6	0	0	0
NA19790	Aldy	0.6	0	0	0
NA19792	Aldy	0.7	0	0	0
NA19794	Aldy	0.7	0	0	0
NA19795	Aldy	0.7	0	0	0
NA19796	Aldy	0.7	0	0	0
NA19818	Aldy	0.7	0	0	0
NA19819	Aldy	0.6	0	0	0
NA19828	Aldy	0.6	0	0	0
NA19834	Aldy	0.7	0	0	0
NA19835	Aldy	0.6	0	0	0
NA19836	Aldy	0.6	0	0	0
NA19900	Aldy	0.6	0	0	0
NA19901	Aldy	0.6	0	0	0
NA19902	Aldy	0.7	0	0	0
NA19904	Aldy	0.7	0	0	0
NA19908	Aldy	0.6	0	0	0
NA19909	Aldy	0.7	0	0	0
NA19913	Aldy	0.7	0	0	0
NA19914	Aldy	0.6	0	0	0
NA19916	Aldy	0.6	0	0	0
NA19917	Aldy	0.7	0	0	0
NA19918	Aldy	0.6	0	0	0
NA19919	Aldy	0.6	0	0	0
NA19920	Aldy	0.6	0	0	0
NA19921	Aldy	0.6	0	0	0
NA19922	Aldy	0.6	0	0	0
NA19923	Aldy	0.6	0	0	0
NA19924	Aldy	0.7	0	0	0
NA19982	Aldy	0.6	0	0	0
NA19983	Aldy	0.7	0	0	0
NA19984	Aldy	0.6	0	0	0
NA20126	Aldy	0.6	0	0	0
NA20127	Aldy	0.6	0	0	0
NA20128	Aldy	0.6	0	0	0
NA20129	Aldy	0.6	0	0	0
NA20274	Aldy	0.6	0	0	0
NA20276	Aldy	0.2	0	0	0
NA20278	Aldy	0.2	0	0	0
NA20279	Aldy	0.2	0	0	0
NA20281	Aldy	0.2	0	0	0
NA20282	Aldy	0.4	0	0	0
NA20287	Aldy	0.3	0	0	0
NA20289	Aldy	0.2	0	0	0
NA20291	Aldy	0.2	0	0	0
NA20294	Aldy	0.2	0	0	0
NA20296	Aldy	0.3	0	0	0
NA20298	Aldy	0.2	0	0	0
NA20299	Aldy	0.2	0	0	0
NA20314	Aldy	0.3	0	0	0
NA20317	Aldy	0.2	0	0	0
NA20318	Aldy	0.2	0	0	0
NA20320	Aldy	0.2	0	0	0
NA20321	Aldy	0.2	0	0	0
NA20332	Aldy	0.2	0	0	0
NA20334	Aldy	0.2	0	0	0
NA20339	Aldy	0.2	0	0	0
NA20340	Aldy	0.2	0	0	0
NA20342	Aldy	0.2	0	0	0
NA20346	Aldy	0.2	0	0	0
NA20348	Aldy	0.5	0	0	0
NA20351	Aldy	0.5	0	0	0
NA20355	Aldy	0.6	0	0	0
NA20356	Aldy	0.6	0	0	0
NA20357	Aldy	0.6	0	0	0
NA20358	Aldy	0.7	0	0	0
NA20359	Aldy	0.7	0	0	0
NA20362	Aldy	0.7	0	0	0
NA20412	Aldy	0.7	0	0	0
NA20502	Aldy	0.7	0	0	0
NA20503	Aldy	0.7	0	0	0
NA20504	Aldy	0.6	0	0	0
NA20505	Aldy	0.7	0	0	0
NA20506	Aldy	0.6	0	0	0
NA20507	Aldy	0.6	0	0	0
NA20508	Aldy	0.6	0	0	0
NA20509	Aldy	0.7	0	0	0
NA20510	Aldy	0.6	0	0	0
NA20511	Aldy	0.6	0	0	0
NA20512	Aldy	0.6	0	0	0
NA20513	Aldy	0.6	0	0	0
NA20514	Aldy	0.6	0	0	0
NA20515	Aldy	0.6	0	0	0
NA20516	Aldy	0.6	0	0	0
NA20517	Aldy	0.6	0	0	0
NA20518	Aldy	0.7	0	0	0
NA20519	Aldy	0.6	0	0	0
NA20520	Aldy	0.6	0	0	0
NA20521	Aldy	0.7	0	0	0
NA20522	Aldy	0.6	0	0	0
NA20524	Aldy	0.6	0	0	0
NA20525	Aldy	0.6	0	0	0
NA20527	Aldy	0.6	0	0	0
NA20528	Aldy	0.6	0	0	0
NA20529	Aldy	0.6	0	0	0
NA20530	Aldy	0.7	0	0	0
NA20531	Aldy	0.6	0	0	0
NA20532	Aldy	0.7	0	0	0
NA20533	Aldy	0.7	0	0	0
NA20534	Aldy	0.7	0	0	0
NA20535	Aldy	0.6	0	0	0
NA20536	Aldy	0.7	0	0	0
NA20538	Aldy	0.6	0	0	0
NA20539	Aldy	0.6	0	0	0
NA20540	Aldy	0.7	0	0	0
NA20541	Aldy	0.6	0	0	0
NA20542	Aldy	0.6	0	0	0
NA20543	Aldy	0.7	0	0	0
NA20544	Aldy	0.7	0	0	0
NA20581	Aldy	0.6	0	0	0
NA20582	Aldy	0.8	0	0	0
NA20585	Aldy	0.8	0	0	0
NA20586	Aldy	0.8	0	0	0
NA20587	Aldy	0.6	0	0	0
NA20588	Aldy	0.7	0	0	0
NA20589	Aldy	0.7	0	0	0
NA20752	Aldy	0.6	0	0	0
NA20753	Aldy	0.7	0	0	0
NA20754	Aldy	0.6	0	0	0
NA20755	Aldy	0.6	0	0	0
NA20756	Aldy	0.6	0	0	0
NA20757	Aldy	0.6	0	0	0
NA20758	Aldy	0.6	0	0	0
NA20759	Aldy	0.7	0	0	0
NA20760	Aldy	0.6	0	0	0
NA20761	Aldy	0.7	0	0	0
NA20762	Aldy	0.6	0	0	0
NA20763	Aldy	0.6	0	0	0
NA20764	Aldy	0.6	0	0	0
NA20765	Aldy	0.6	0	0	0
NA20766	Aldy	0.6	0	0	0
NA20767	Aldy	0.6	0	0	0
NA20768	Aldy	0.6	0	0	0
NA20769	Aldy	0.6	0	0	0
NA20770	Aldy	0.6	0	0	0
NA20771	Aldy	0.8	0	0	0
NA20772	Aldy	0.6	0	0	0
NA20773	Aldy	0.6	0	0	0
NA20774	Aldy	0.5	0	0	0
NA20775	Aldy	0.6	0	0	0
NA20778	Aldy	0.6	0	0	0
NA20783	Aldy	0.6	0	0	0
NA20785	Aldy	0.7	0	0	0
NA20786	Aldy	0.8	0	0	0
NA20787	Aldy	0.6	0	0	0
NA20790	Aldy	0.7	0	0	0
NA20792	Aldy	0.8	0	0	0
NA20795	Aldy	0.7	0	0	0
NA20796	Aldy	0.6	0	0	0
NA20797	Aldy	0.6	0	0	0
NA20798	Aldy	0.7	0	0	0
NA20799	Aldy	0.7	0	0	0
NA20800	Aldy	0.6	0	0	0
NA20801	Aldy	0.8	0	0	0
NA20802	Aldy	0.6	0	0	0
NA20803	Aldy	0.6	0	0	0
NA20804	Aldy	0.7	0	0	0
NA20805	Aldy	0.6	0	0	0
NA20806	Aldy	0.7	0	0	0
NA20807	Aldy	0.6	0	0	0
NA20808	Aldy	0.7	0	0	0
NA20809	Aldy	0.5	0	0	0
NA20810	Aldy	1.1	0	0	0
NA20811	Aldy	0.7	0	0	0
NA20812	Aldy	0.6	0	0	0
NA20813	Aldy	0.7	0	0	0
NA20814	Aldy	0.6	0	0	0
NA20815	Aldy	0.6	0	0	0
NA20818	Aldy	0.7	0	0	0
NA20819	Aldy	0.5	0	0	0
NA20821	Aldy	0.5	0	0	0
NA20822	Aldy	0.7	0	0	0
NA20826	Aldy	0.7	0	0	0
NA20827	Aldy	0.7	0	0	0
NA20828	Aldy	0.7	0	0	0
NA20832	Aldy	0.7	0	0	0
